Tipo de folha,Data de pagamento,Plano,Empregador,Perfil,Grupo de beneficio,Tipo de beneficio,Item folha,Valor
FOLHADERENDAVITALICIA,2024-09-30,22,TELEFONICA BRASIL SA,3,APOSENTADORIAANTECIPADA,2214-APOSENTADORIAESPECIAL,1-BENEFICIO,36819.25
FOLHADERENDAVITALICIA,2024-09-30,22,TELEFONICA BRASIL SA,3,APOSENTADORIAANTECIPADA,2214-APOSENTADORIAESPECIAL,951-BENEFICIOSALDADO,45.54
FOLHADERENDAVITALICIA,2024-09-30,22,TELEFONICA BRASIL SA,3,APOSENTADORIAANTECIPADA,2223-APOSENTADORIATEMPOSERVICOANTECIPADA,1-BENEFICIO,859059.41
FOLHADERENDAVITALICIA,2024-09-30,22,TELEFONICA BRASIL SA,3,APOSENTADORIAANTECIPADA,2223-APOSENTADORIATEMPOSERVICOANTECIPADA,1011-DEDUCAOPARACUSTEIODOABONO,-14116.42
FOLHADERENDAVITALICIA,2024-09-30,22,TELEFONICA BRASIL SA,3,APOSENTADORIAANTECIPADA,2223-APOSENTADORIATEMPOSERVICOANTECIPADA,2-BENEFICIO-DECISAOJUDICIAL,1858.36
FOLHADERENDAVITALICIA,2024-09-30,22,TELEFONICA BRASIL SA,3,APOSENTADORIAANTECIPADA,2223-APOSENTADORIATEMPOSERVICOANTECIPADA,41-EMPRESTIMO,-11706.22
FOLHADERENDAVITALICIA,2024-09-30,22,TELEFONICA BRASIL SA,3,APOSENTADORIAANTECIPADA,2223-APOSENTADORIATEMPOSERVICOANTECIPADA,573-IMPOSTODERENDA(3540),-108491.23
FOLHADERENDAVITALICIA,2024-09-30,22,TELEFONICA BRASIL SA,3,APOSENTADORIAANTECIPADA,2223-APOSENTADORIATEMPOSERVICOANTECIPADA,72-PENSAOALIMENTICIA,-3502.81
FOLHADERENDAVITALICIA,2024-09-30,22,TELEFONICA BRASIL SA,3,APOSENTADORIAANTECIPADA,2223-APOSENTADORIATEMPOSERVICOANTECIPADA,951-BENEFICIOSALDADO,113785.83
FOLHADERENDAVITALICIA,2024-09-30,22,TELEFONICA BRASIL SA,3,APOSENTADORIAANTECIPADA,2224-APOSENTADORIAESPECIALANTECIPADA,1-BENEFICIO,11739.64
FOLHADERENDAVITALICIA,2024-09-30,22,TELEFONICA BRASIL SA,3,APOSENTADORIAANTECIPADA,2224-APOSENTADORIAESPECIALANTECIPADA,1011-DEDUCAOPARACUSTEIODOABONO,-608.12
FOLHADERENDAVITALICIA,2024-09-30,22,TELEFONICA BRASIL SA,3,APOSENTADORIAANTECIPADA,2224-APOSENTADORIAESPECIALANTECIPADA,41-EMPRESTIMO,-1415.75
FOLHADERENDAVITALICIA,2024-09-30,22,TELEFONICA BRASIL SA,3,APOSENTADORIAANTECIPADA,2224-APOSENTADORIAESPECIALANTECIPADA,573-IMPOSTODERENDA(3540),-2165.17
FOLHADERENDAVITALICIA,2024-09-30,22,TELEFONICA BRASIL SA,3,APOSENTADORIANORMAL,2213-APOSENTADORIAPORTEMPOSERVICO,1-BENEFICIO,414813.93
FOLHADERENDAVITALICIA,2024-09-30,22,TELEFONICA BRASIL SA,3,APOSENTADORIANORMAL,2213-APOSENTADORIAPORTEMPOSERVICO,1011-DEDUCAOPARACUSTEIODOABONO,-8134.32
FOLHADERENDAVITALICIA,2024-09-30,22,TELEFONICA BRASIL SA,3,APOSENTADORIANORMAL,2213-APOSENTADORIAPORTEMPOSERVICO,41-EMPRESTIMO,-6482.43
FOLHADERENDAVITALICIA,2024-09-30,22,TELEFONICA BRASIL SA,3,APOSENTADORIANORMAL,2213-APOSENTADORIAPORTEMPOSERVICO,573-IMPOSTODERENDA(3540),-64647.53
FOLHADERENDAVITALICIA,2024-09-30,22,TELEFONICA BRASIL SA,3,APOSENTADORIANORMAL,2213-APOSENTADORIAPORTEMPOSERVICO,72-PENSAOALIMENTICIA,-2128.35
FOLHADERENDAVITALICIA,2024-09-30,22,TELEFONICA BRASIL SA,3,APOSENTADORIANORMAL,2213-APOSENTADORIAPORTEMPOSERVICO,951-BENEFICIOSALDADO,9412.75
FOLHADERENDAVITALICIA,2024-09-30,22,TELEFONICA BRASIL SA,3,APOSENTADORIANORMAL,2230-DECISAOJUDICIAL,2-BENEFICIO-DECISAOJUDICIAL,12473.02
FOLHADERENDAVITALICIA,2024-09-30,22,TELEFONICA BRASIL SA,3,APOSENTADORIAPORINVALIDEZ,2212-BENEFICIOPORINCAPACIDADEPERMANENTE,1-BENEFICIO,348325.83
FOLHADERENDAVITALICIA,2024-09-30,22,TELEFONICA BRASIL SA,3,APOSENTADORIAPORINVALIDEZ,2212-BENEFICIOPORINCAPACIDADEPERMANENTE,1011-DEDUCAOPARACUSTEIODOABONO,-822.05
FOLHADERENDAVITALICIA,2024-09-30,22,TELEFONICA BRASIL SA,3,APOSENTADORIAPORINVALIDEZ,2212-BENEFICIOPORINCAPACIDADEPERMANENTE,12-BENEFICIOISENTA,93823.05
FOLHADERENDAVITALICIA,2024-09-30,22,TELEFONICA BRASIL SA,3,APOSENTADORIAPORINVALIDEZ,2212-BENEFICIOPORINCAPACIDADEPERMANENTE,41-EMPRESTIMO,-13638.49
FOLHADERENDAVITALICIA,2024-09-30,22,TELEFONICA BRASIL SA,3,APOSENTADORIAPORINVALIDEZ,2212-BENEFICIOPORINCAPACIDADEPERMANENTE,573-IMPOSTODERENDA(3540),-21946.67
FOLHADERENDAVITALICIA,2024-09-30,22,TELEFONICA BRASIL SA,3,APOSENTADORIAPORINVALIDEZ,2212-BENEFICIOPORINCAPACIDADEPERMANENTE,72-PENSAOALIMENTICIA,-821.76
FOLHADERENDAVITALICIA,2024-09-30,22,TELEFONICA BRASIL SA,3,APOSENTADORIAPORINVALIDEZ,2212-BENEFICIOPORINCAPACIDADEPERMANENTE,75-PENSAOALIMENTICIA,-76.4
FOLHADERENDAVITALICIA,2024-09-30,22,TELEFONICA BRASIL SA,3,APOSENTADORIAPORINVALIDEZ,2212-BENEFICIOPORINCAPACIDADEPERMANENTE,951-BENEFICIOSALDADO,1143.82
FOLHADERENDAVITALICIA,2024-09-30,22,TELEFONICA BRASIL SA,3,APOSENTADORIAPORINVALIDEZ,2212-BENEFICIOPORINCAPACIDADEPERMANENTE,955-BENEFICIOMENSAL,5274.23
FOLHADERENDAVITALICIA,2024-09-30,22,TELEFONICA BRASIL SA,3,APOSENTADORIAPOSTERGADA,2215-APOSENTADORIAPORIDADE,1-BENEFICIO,14250.89
FOLHADERENDAVITALICIA,2024-09-30,22,TELEFONICA BRASIL SA,3,APOSENTADORIAPOSTERGADA,2215-APOSENTADORIAPORIDADE,573-IMPOSTODERENDA(3540),-2689.37
FOLHADERENDAVITALICIA,2024-09-30,22,TELEFONICA BRASIL SA,3,AUXILIODOENCA,2211-AUXILIO-DOENCA,111-BENEFICIOAUXDOENCAISENTA,8308.19
FOLHADERENDAVITALICIA,2024-09-30,22,TELEFONICA BRASIL SA,3,BENEFPROPDIFERIDO,2225-BENEFICIOPROPORCIONALDIFERIDO,1-BENEFICIO,14650.22
FOLHADERENDAVITALICIA,2024-09-30,22,TELEFONICA BRASIL SA,3,BENEFPROPDIFERIDO,2225-BENEFICIOPROPORCIONALDIFERIDO,1011-DEDUCAOPARACUSTEIODOABONO,-246.98
FOLHADERENDAVITALICIA,2024-09-30,22,TELEFONICA BRASIL SA,3,BENEFPROPDIFERIDO,2225-BENEFICIOPROPORCIONALDIFERIDO,41-EMPRESTIMO,-295.45
FOLHADERENDAVITALICIA,2024-09-30,22,TELEFONICA BRASIL SA,3,BENEFPROPDIFERIDO,2225-BENEFICIOPROPORCIONALDIFERIDO,573-IMPOSTODERENDA(3540),-1207.25
FOLHADERENDAVITALICIA,2024-09-30,22,TELEFONICA BRASIL SA,3,BENEFPROPDIFERIDO,2225-BENEFICIOPROPORCIONALDIFERIDO,951-BENEFICIOSALDADO,11587.03
FOLHADERENDAVITALICIA,2024-09-30,22,TELEFONICA BRASIL SA,3,PENSAOPORMORTE,2216-PENSAOPORMORTE,12-BENEFICIOISENTA,563.0
FOLHADERENDAVITALICIA,2024-09-30,22,TELEFONICA BRASIL SA,3,PENSAOPORMORTE,2216-PENSAOPORMORTE,3-BENEFICIODEPENSAO,77228.55
FOLHADERENDAVITALICIA,2024-09-30,22,TELEFONICA BRASIL SA,3,PENSAOPORMORTE,2216-PENSAOPORMORTE,41-EMPRESTIMO,-160.2
FOLHADERENDAVITALICIA,2024-09-30,22,TELEFONICA BRASIL SA,3,PENSAOPORMORTE,2216-PENSAOPORMORTE,573-IMPOSTODERENDA(3540),-8518.01
FOLHADERENDAVITALICIA,2024-09-30,22,TELEFONICA BRASIL SA,3,PENSAOPORMORTE,2236-PENSAOPORMORTEASSISTIDO,3-BENEFICIODEPENSAO,260613.05
FOLHADERENDAVITALICIA,2024-09-30,22,TELEFONICA BRASIL SA,3,PENSAOPORMORTE,2236-PENSAOPORMORTEASSISTIDO,41-EMPRESTIMO,-4565.98
FOLHADERENDAVITALICIA,2024-09-30,22,TELEFONICA BRASIL SA,3,PENSAOPORMORTE,2236-PENSAOPORMORTEASSISTIDO,573-IMPOSTODERENDA(3540),-26303.67
FOLHADERENDAVITALICIA,2024-09-30,22,TELEFONICA BRASIL SA,3,PENSAOPORMORTE,2236-PENSAOPORMORTEASSISTIDO,951-BENEFICIOSALDADO,14206.88
FOLHADEBENEFICIO,2024-09-30,52,MAIS VISAO,32,APOSENTADORIANORMAL,5201-BENEFICIODERENDAMENSAL,1-BENEFICIO,6441.26
FOLHADEBENEFICIO,2024-09-30,52,MAIS VISAO,32,APOSENTADORIANORMAL,5201-BENEFICIODERENDAMENSAL,731-IMPOSTODERENDAREGRESSIVA5565,-763.1
FOLHADEBENEFICIO,2024-09-30,52,MAIS VISAO,33,APOSENTADORIANORMAL,5201-BENEFICIODERENDAMENSAL,1-BENEFICIO,13447.43
FOLHADEBENEFICIO,2024-09-30,52,MAIS VISAO,33,APOSENTADORIANORMAL,5201-BENEFICIODERENDAMENSAL,141-BENEFICIOPAGTOUNICOASSISTIDOTRIBUTAVEL-INFORMADO,1956.26
FOLHADEBENEFICIO,2024-09-30,52,MAIS VISAO,33,APOSENTADORIANORMAL,5201-BENEFICIODERENDAMENSAL,573-IMPOSTODERENDA(3540),-1261.96
FOLHADEBENEFICIO,2024-09-30,52,MAIS VISAO,33,APOSENTADORIANORMAL,5201-BENEFICIODERENDAMENSAL,731-IMPOSTODERENDAREGRESSIVA5565,-481.35
FOLHADEBENEFICIO,2024-09-30,52,MAIS VISAO,33,PENSAOPORMORTE,5203-PENSAOPORMORTE,3-BENEFICIODEPENSAO,90.6
FOLHADEBENEFICIO,2024-09-30,52,MAIS VISAO,34,APOSENTADORIANORMAL,5201-BENEFICIODERENDAMENSAL,1-BENEFICIO,7318.29
FOLHADEBENEFICIO,2024-09-30,52,MAIS VISAO,34,APOSENTADORIANORMAL,5201-BENEFICIODERENDAMENSAL,731-IMPOSTODERENDAREGRESSIVA5565,-731.83
FOLHADEBENEFICIO,2024-09-30,52,MAIS VISAO,36,APOSENTADORIANORMAL,5201-BENEFICIODERENDAMENSAL,1-BENEFICIO,2101.53
FOLHADEBENEFICIO,2024-09-30,52,MAIS VISAO,36,APOSENTADORIANORMAL,5201-BENEFICIODERENDAMENSAL,573-IMPOSTODERENDA(3540),-4663.67
FOLHADEBENEFICIO,2024-09-30,52,MAIS VISAO,36,APOSENTADORIANORMAL,5201-BENEFICIODERENDAMENSAL,6-SAQUE,18680.25
FOLHADEBENEFICIO,2024-09-30,51,SP TELECOMUNICACOES PARTICIPACOES LTDA,21,APOSENTADORIANORMAL,5111-APOSENTADORIAANTECIPADA,1-BENEFICIO,5947.08
FOLHADEBENEFICIO,2024-09-30,51,SP TELECOMUNICACOES PARTICIPACOES LTDA,21,APOSENTADORIANORMAL,5111-APOSENTADORIAANTECIPADA,573-IMPOSTODERENDA(3540),-584.13
FOLHADEBENEFICIO,2024-09-30,51,TELEFONICA BRASIL SA,21,APOSENTADORIANORMAL,5100-APOSENTADORIANORMAL,1-BENEFICIO,248393.94
FOLHADEBENEFICIO,2024-09-30,51,TELEFONICA BRASIL SA,21,APOSENTADORIANORMAL,5100-APOSENTADORIANORMAL,1013-DESCONTOCONTRIB.ASSISTIDOSP/PLANO,-6000.0
FOLHADEBENEFICIO,2024-09-30,51,TELEFONICA BRASIL SA,21,APOSENTADORIANORMAL,5100-APOSENTADORIANORMAL,1313-DESCONTOCONTRIB.ASSISTIDOSP/PLANO,-3000.0
FOLHADEBENEFICIO,2024-09-30,51,TELEFONICA BRASIL SA,21,APOSENTADORIANORMAL,5100-APOSENTADORIANORMAL,573-IMPOSTODERENDA(3540),-15200.16
FOLHADEBENEFICIO,2024-09-30,51,TELEFONICA BRASIL SA,21,APOSENTADORIANORMAL,5100-APOSENTADORIANORMAL,731-IMPOSTODERENDAREGRESSIVA5565,-19937.97
FOLHADEBENEFICIO,2024-09-30,51,TELEFONICA BRASIL SA,21,APOSENTADORIANORMAL,5110-APOSENTADORIAESPECIAL,1-BENEFICIO,13046.73
FOLHADEBENEFICIO,2024-09-30,51,TELEFONICA BRASIL SA,21,APOSENTADORIANORMAL,5110-APOSENTADORIAESPECIAL,573-IMPOSTODERENDA(3540),-2012.94
FOLHADEBENEFICIO,2024-09-30,51,TELEFONICA BRASIL SA,21,APOSENTADORIANORMAL,5111-APOSENTADORIAANTECIPADA,1-BENEFICIO,1959149.94
FOLHADEBENEFICIO,2024-09-30,51,TELEFONICA BRASIL SA,21,APOSENTADORIANORMAL,5111-APOSENTADORIAANTECIPADA,1013-DESCONTOCONTRIB.ASSISTIDOSP/PLANO,-551.64
FOLHADEBENEFICIO,2024-09-30,51,TELEFONICA BRASIL SA,21,APOSENTADORIANORMAL,5111-APOSENTADORIAANTECIPADA,12-BENEFICIOISENTA,2001.9
FOLHADEBENEFICIO,2024-09-30,51,TELEFONICA BRASIL SA,21,APOSENTADORIANORMAL,5111-APOSENTADORIAANTECIPADA,24-RESIDUOSALDO-BENEFTRIBUT-INFORMADO,1761.97
FOLHADEBENEFICIO,2024-09-30,51,TELEFONICA BRASIL SA,21,APOSENTADORIANORMAL,5111-APOSENTADORIAANTECIPADA,41-EMPRESTIMO,-19974.96
FOLHADEBENEFICIO,2024-09-30,51,TELEFONICA BRASIL SA,21,APOSENTADORIANORMAL,5111-APOSENTADORIAANTECIPADA,573-IMPOSTODERENDA(3540),-132840.55
FOLHADEBENEFICIO,2024-09-30,51,TELEFONICA BRASIL SA,21,APOSENTADORIANORMAL,5111-APOSENTADORIAANTECIPADA,72-PENSAOALIMENTICIA,-15493.16
FOLHADEBENEFICIO,2024-09-30,51,TELEFONICA BRASIL SA,21,APOSENTADORIANORMAL,5111-APOSENTADORIAANTECIPADA,731-IMPOSTODERENDAREGRESSIVA5565,-49103.67
FOLHADEBENEFICIO,2024-09-30,51,TELEFONICA BRASIL SA,21,APOSENTADORIANORMAL,5111-APOSENTADORIAANTECIPADA,75-PENSAOALIMENTICIA,-2630.85
FOLHADEBENEFICIO,2024-09-30,51,TELEFONICA BRASIL SA,21,APOSENTADORIANORMAL,5112-APOSENTADORIAPOSTERGADA,1-BENEFICIO,24284.79
FOLHADEBENEFICIO,2024-09-30,51,TELEFONICA BRASIL SA,21,APOSENTADORIANORMAL,5112-APOSENTADORIAPOSTERGADA,731-IMPOSTODERENDAREGRESSIVA5565,-2428.48
FOLHADEBENEFICIO,2024-09-30,51,TELEFONICA BRASIL SA,21,APOSENTADORIANORMAL,5113-APOSENTADORIAANTECIPADA,199-BENEFICIO,1226.43
FOLHADEBENEFICIO,2024-09-30,51,TELEFONICA BRASIL SA,21,APOSENTADORIANORMAL,5113-APOSENTADORIAANTECIPADA,41-EMPRESTIMO,-4270.2
FOLHADEBENEFICIO,2024-09-30,51,TELEFONICA BRASIL SA,21,APOSENTADORIANORMAL,5199-APOSENTADORIANORMAL,199-BENEFICIO,23961.62
FOLHADEBENEFICIO,2024-09-30,51,TELEFONICA BRASIL SA,21,APOSENTADORIANORMAL,5199-APOSENTADORIANORMAL,731-IMPOSTODERENDAREGRESSIVA5565,-2396.16
FOLHADEBENEFICIO,2024-09-30,51,TELEFONICA BRASIL SA,21,APOSENTADORIAPORINVALIDEZ,5101-APOSENTADORIAINVALIDEZ,1-BENEFICIO,4868.18
FOLHADEBENEFICIO,2024-09-30,51,TELEFONICA BRASIL SA,21,BENEFPROPDIFERIDO,5102-BENEFICIODIFERIDOPORDESLIGAMENTO,1-BENEFICIO,839311.92
FOLHADEBENEFICIO,2024-09-30,51,TELEFONICA BRASIL SA,21,BENEFPROPDIFERIDO,5102-BENEFICIODIFERIDOPORDESLIGAMENTO,1013-DESCONTOCONTRIB.ASSISTIDOSP/PLANO,-108.99
FOLHADEBENEFICIO,2024-09-30,51,TELEFONICA BRASIL SA,21,BENEFPROPDIFERIDO,5102-BENEFICIODIFERIDOPORDESLIGAMENTO,1313-DESCONTOCONTRIB.ASSISTIDOSP/PLANO,-200.0
FOLHADEBENEFICIO,2024-09-30,51,TELEFONICA BRASIL SA,21,BENEFPROPDIFERIDO,5102-BENEFICIODIFERIDOPORDESLIGAMENTO,41-EMPRESTIMO,-6698.63
FOLHADEBENEFICIO,2024-09-30,51,TELEFONICA BRASIL SA,21,BENEFPROPDIFERIDO,5102-BENEFICIODIFERIDOPORDESLIGAMENTO,573-IMPOSTODERENDA(3540),-28108.17
FOLHADEBENEFICIO,2024-09-30,51,TELEFONICA BRASIL SA,21,BENEFPROPDIFERIDO,5102-BENEFICIODIFERIDOPORDESLIGAMENTO,72-PENSAOALIMENTICIA,-2914.17
FOLHADEBENEFICIO,2024-09-30,51,TELEFONICA BRASIL SA,21,BENEFPROPDIFERIDO,5102-BENEFICIODIFERIDOPORDESLIGAMENTO,731-IMPOSTODERENDAREGRESSIVA5565,-46721.95
FOLHADEBENEFICIO,2024-09-30,51,TELEFONICA BRASIL SA,21,PENSAOPORMORTE,5105-PENSAOPORMORTE-BENEF.INDICADO,3-BENEFICIODEPENSAO,36997.21
FOLHADEBENEFICIO,2024-09-30,51,TELEFONICA BRASIL SA,21,PENSAOPORMORTE,5105-PENSAOPORMORTE-BENEF.INDICADO,573-IMPOSTODERENDA(3540),-4068.72
FOLHADEBENEFICIO,2024-09-30,51,TELEFONICA BRASIL SA,21,PENSAOPORMORTE,5105-PENSAOPORMORTE-BENEF.INDICADO,731-IMPOSTODERENDAREGRESSIVA5565,-2185.63
FOLHADEBENEFICIO,2024-09-30,51,TELEFONICA BRASIL SA,21,PENSAOPORMORTE,5106-PENSAOPORMORTE-ASSISTIDO,3-BENEFICIODEPENSAO,88305.9
FOLHADEBENEFICIO,2024-09-30,51,TELEFONICA BRASIL SA,21,PENSAOPORMORTE,5106-PENSAOPORMORTE-ASSISTIDO,41-EMPRESTIMO,-511.75
FOLHADEBENEFICIO,2024-09-30,51,TELEFONICA BRASIL SA,21,PENSAOPORMORTE,5106-PENSAOPORMORTE-ASSISTIDO,573-IMPOSTODERENDA(3540),-17420.04
FOLHADEBENEFICIO,2024-09-30,51,TELEFONICA BRASIL SA,21,PENSAOPORMORTE,5106-PENSAOPORMORTE-ASSISTIDO,731-IMPOSTODERENDAREGRESSIVA5565,-138.67
FOLHADEBENEFICIO,2024-09-30,51,TELEFONICA CORRETORA DE SEGUROS LTDA,21,APOSENTADORIANORMAL,5111-APOSENTADORIAANTECIPADA,1-BENEFICIO,3237.99
FOLHADEBENEFICIO,2024-09-30,51,TELEFONICA CORRETORA DE SEGUROS LTDA,21,APOSENTADORIANORMAL,5111-APOSENTADORIAANTECIPADA,573-IMPOSTODERENDA(3540),-31.05
FOLHADEBENEFICIO,2024-09-30,51,TELEFONICA SERVICOS EMPRESARIAIS DO BRASIL LTDA,21,APOSENTADORIANORMAL,5111-APOSENTADORIAANTECIPADA,1-BENEFICIO,187870.56
FOLHADEBENEFICIO,2024-09-30,51,TELEFONICA SERVICOS EMPRESARIAIS DO BRASIL LTDA,21,APOSENTADORIANORMAL,5111-APOSENTADORIAANTECIPADA,41-EMPRESTIMO,-4752.25
FOLHADEBENEFICIO,2024-09-30,51,TELEFONICA SERVICOS EMPRESARIAIS DO BRASIL LTDA,21,APOSENTADORIANORMAL,5111-APOSENTADORIAANTECIPADA,573-IMPOSTODERENDA(3540),-22733.3
FOLHADEBENEFICIO,2024-09-30,51,TELEFONICA SERVICOS EMPRESARIAIS DO BRASIL LTDA,21,APOSENTADORIANORMAL,5111-APOSENTADORIAANTECIPADA,731-IMPOSTODERENDAREGRESSIVA5565,-5675.38
FOLHADEBENEFICIO,2024-09-30,51,TELEFONICA SERVICOS EMPRESARIAIS DO BRASIL LTDA,21,APOSENTADORIANORMAL,5112-APOSENTADORIAPOSTERGADA,1-BENEFICIO,16719.87
FOLHADEBENEFICIO,2024-09-30,51,TELEFONICA SERVICOS EMPRESARIAIS DO BRASIL LTDA,21,APOSENTADORIANORMAL,5112-APOSENTADORIAPOSTERGADA,573-IMPOSTODERENDA(3540),-358.1
FOLHADEBENEFICIO,2024-09-30,51,TELEFONICA SERVICOS EMPRESARIAIS DO BRASIL LTDA,21,APOSENTADORIANORMAL,5112-APOSENTADORIAPOSTERGADA,731-IMPOSTODERENDAREGRESSIVA5565,-1527.95
FOLHADEBENEFICIO,2024-09-30,51,TELEFONICA SERVICOS EMPRESARIAIS DO BRASIL LTDA,21,BENEFPROPDIFERIDO,5102-BENEFICIODIFERIDOPORDESLIGAMENTO,1-BENEFICIO,36063.18
FOLHADEBENEFICIO,2024-09-30,51,TELEFONICA SERVICOS EMPRESARIAIS DO BRASIL LTDA,21,BENEFPROPDIFERIDO,5102-BENEFICIODIFERIDOPORDESLIGAMENTO,573-IMPOSTODERENDA(3540),-2739.47
FOLHADEBENEFICIO,2024-09-30,51,TELEFONICA SERVICOS EMPRESARIAIS DO BRASIL LTDA,21,BENEFPROPDIFERIDO,5102-BENEFICIODIFERIDOPORDESLIGAMENTO,731-IMPOSTODERENDAREGRESSIVA5565,-1214.24
FOLHADEBENEFICIO,2024-09-30,51,TELEFONICA SERVICOS EMPRESARIAIS DO BRASIL LTDA,21,PENSAOPORMORTE,5106-PENSAOPORMORTE-ASSISTIDO,3-BENEFICIODEPENSAO,11362.28
FOLHADEBENEFICIO,2024-09-30,51,TELEFONICA SERVICOS EMPRESARIAIS DO BRASIL LTDA,21,PENSAOPORMORTE,5106-PENSAOPORMORTE-ASSISTIDO,573-IMPOSTODERENDA(3540),-3890.64
FOLHADEBENEFICIO,2024-09-30,51,VISAO PREV SOCIEDADE DE PREVIDENCIA COMPLEMENTAR,21,APOSENTADORIANORMAL,5111-APOSENTADORIAANTECIPADA,1-BENEFICIO,22599.11
FOLHADEBENEFICIO,2024-09-30,51,VISAO PREV SOCIEDADE DE PREVIDENCIA COMPLEMENTAR,21,APOSENTADORIANORMAL,5111-APOSENTADORIAANTECIPADA,731-IMPOSTODERENDAREGRESSIVA5565,-2873.04
FOLHADEBENEFICIO,2024-09-30,8,TELEFONICA BRASIL SA,22,APOSENTADORIAANTECIPADA,804-APOSENTADORIAANTECIPADA,1-BENEFICIO,17237.52
FOLHADEBENEFICIO,2024-09-30,8,TELEFONICA BRASIL SA,22,APOSENTADORIAANTECIPADA,804-APOSENTADORIAANTECIPADA,573-IMPOSTODERENDA(3540),-365.16
FOLHADEBENEFICIO,2024-09-30,8,TELEFONICA BRASIL SA,22,APOSENTADORIANORMAL,803-APOSENTADORIA,1-BENEFICIO,40553.6
FOLHADEBENEFICIO,2024-09-30,8,TELEFONICA BRASIL SA,22,APOSENTADORIANORMAL,803-APOSENTADORIA,41-EMPRESTIMO,-92.29
FOLHADEBENEFICIO,2024-09-30,8,TELEFONICA BRASIL SA,22,APOSENTADORIANORMAL,803-APOSENTADORIA,573-IMPOSTODERENDA(3540),-911.96
FOLHADEBENEFICIO,2024-09-30,8,TELEFONICA BRASIL SA,22,APOSENTADORIANORMAL,803-APOSENTADORIA,731-IMPOSTODERENDAREGRESSIVA5565,-2232.92
FOLHADEBENEFICIO,2024-09-30,8,TELEFONICA BRASIL SA,22,BENEFPROPDIFERIDO,805-BENEFICIOPROPORCIONALDIFERIDO,1-BENEFICIO,14908.9
FOLHADEBENEFICIO,2024-09-30,8,TELEFONICA BRASIL SA,22,BENEFPROPDIFERIDO,805-BENEFICIOPROPORCIONALDIFERIDO,41-EMPRESTIMO,-804.33
FOLHADEBENEFICIO,2024-09-30,8,TELEFONICA BRASIL SA,22,BENEFPROPDIFERIDO,805-BENEFICIOPROPORCIONALDIFERIDO,573-IMPOSTODERENDA(3540),-4247.05
FOLHADEBENEFICIO,2024-09-30,8,TELEFONICA BRASIL SA,22,BENEFPROPDIFERIDO,805-BENEFICIOPROPORCIONALDIFERIDO,6-SAQUE,16365.62
FOLHADEBENEFICIO,2024-09-30,8,TELEFONICA BRASIL SA,22,BENEFPROPDIFERIDO,805-BENEFICIOPROPORCIONALDIFERIDO,731-IMPOSTODERENDAREGRESSIVA5565,-1043.6
FOLHADEBENEFICIO,2024-09-30,8,TELEFONICA BRASIL SA,23,APOSENTADORIAANTECIPADA,804-APOSENTADORIAANTECIPADA,1-BENEFICIO,51026.57
FOLHADEBENEFICIO,2024-09-30,8,TELEFONICA BRASIL SA,23,APOSENTADORIAANTECIPADA,804-APOSENTADORIAANTECIPADA,12-BENEFICIOISENTA,0.0
FOLHADEBENEFICIO,2024-09-30,8,TELEFONICA BRASIL SA,23,APOSENTADORIAANTECIPADA,804-APOSENTADORIAANTECIPADA,41-EMPRESTIMO,-4241.08
FOLHADEBENEFICIO,2024-09-30,8,TELEFONICA BRASIL SA,23,APOSENTADORIAANTECIPADA,804-APOSENTADORIAANTECIPADA,573-IMPOSTODERENDA(3540),-27.42
FOLHADEBENEFICIO,2024-09-30,8,TELEFONICA BRASIL SA,23,APOSENTADORIANORMAL,803-APOSENTADORIA,1-BENEFICIO,38899.27
FOLHADEBENEFICIO,2024-09-30,8,TELEFONICA BRASIL SA,23,APOSENTADORIANORMAL,803-APOSENTADORIA,41-EMPRESTIMO,-1126.29
FOLHADEBENEFICIO,2024-09-30,8,TELEFONICA BRASIL SA,23,APOSENTADORIANORMAL,803-APOSENTADORIA,573-IMPOSTODERENDA(3540),-159.97
FOLHADEBENEFICIO,2024-09-30,8,TELEFONICA BRASIL SA,23,APOSENTADORIANORMAL,803-APOSENTADORIA,731-IMPOSTODERENDAREGRESSIVA5565,-5321.34
FOLHADEBENEFICIO,2024-09-30,8,TELEFONICA BRASIL SA,23,APOSENTADORIANORMAL,8803-APOSENTADORIA,731-IMPOSTODERENDAREGRESSIVA5565,-51.46
FOLHADEBENEFICIO,2024-09-30,8,TELEFONICA BRASIL SA,23,APOSENTADORIANORMAL,8803-APOSENTADORIA,955-BENEFICIOMENSAL,514.56
FOLHADEBENEFICIO,2024-09-30,8,TELEFONICA BRASIL SA,23,BENEFPROPDIFERIDO,805-BENEFICIOPROPORCIONALDIFERIDO,1-BENEFICIO,51167.4
FOLHADEBENEFICIO,2024-09-30,8,TELEFONICA BRASIL SA,23,BENEFPROPDIFERIDO,805-BENEFICIOPROPORCIONALDIFERIDO,41-EMPRESTIMO,-593.29
FOLHADEBENEFICIO,2024-09-30,8,TELEFONICA BRASIL SA,23,BENEFPROPDIFERIDO,805-BENEFICIOPROPORCIONALDIFERIDO,573-IMPOSTODERENDA(3540),-4060.68
FOLHADEBENEFICIO,2024-09-30,8,TELEFONICA BRASIL SA,23,BENEFPROPDIFERIDO,805-BENEFICIOPROPORCIONALDIFERIDO,731-IMPOSTODERENDAREGRESSIVA5565,-2155.1
FOLHADEBENEFICIO,2024-09-30,8,TELEFONICA BRASIL SA,23,PENSAOPORMORTE,806-PENSAOPORMORTE,3-BENEFICIODEPENSAO,8435.8
FOLHADEBENEFICIO,2024-09-30,8,TELEFONICA BRASIL SA,23,PENSAOPORMORTE,806-PENSAOPORMORTE,5-RETROATIVOBENEFTRIBUT,2126.87
FOLHADEBENEFICIO,2024-09-30,8,TELEFONICA BRASIL SA,23,PENSAOPORMORTE,806-PENSAOPORMORTE,731-IMPOSTODERENDAREGRESSIVA5565,-1584.39
FOLHADEBENEFICIO,2024-09-30,8,TELEFONICA BRASIL SA,24,APOSENTADORIAANTECIPADA,804-APOSENTADORIAANTECIPADA,1-BENEFICIO,28287.45
FOLHADEBENEFICIO,2024-09-30,8,TELEFONICA BRASIL SA,24,APOSENTADORIAANTECIPADA,804-APOSENTADORIAANTECIPADA,6-SAQUE,73789.85
FOLHADEBENEFICIO,2024-09-30,8,TELEFONICA BRASIL SA,24,APOSENTADORIAANTECIPADA,804-APOSENTADORIAANTECIPADA,731-IMPOSTODERENDAREGRESSIVA5565,-16298.39
FOLHADEBENEFICIO,2024-09-30,8,TELEFONICA BRASIL SA,24,APOSENTADORIAANTECIPADA,804-APOSENTADORIAANTECIPADA,75-PENSAOALIMENTICIA,-422.51
FOLHADEBENEFICIO,2024-09-30,8,TELEFONICA BRASIL SA,24,APOSENTADORIANORMAL,803-APOSENTADORIA,1-BENEFICIO,104716.97
FOLHADEBENEFICIO,2024-09-30,8,TELEFONICA BRASIL SA,24,APOSENTADORIANORMAL,803-APOSENTADORIA,41-EMPRESTIMO,-6168.75
FOLHADEBENEFICIO,2024-09-30,8,TELEFONICA BRASIL SA,24,APOSENTADORIANORMAL,803-APOSENTADORIA,573-IMPOSTODERENDA(3540),-972.72
FOLHADEBENEFICIO,2024-09-30,8,TELEFONICA BRASIL SA,24,APOSENTADORIANORMAL,803-APOSENTADORIA,6-SAQUE,135305.87
FOLHADEBENEFICIO,2024-09-30,8,TELEFONICA BRASIL SA,24,APOSENTADORIANORMAL,803-APOSENTADORIA,731-IMPOSTODERENDAREGRESSIVA5565,-26797.52
FOLHADEBENEFICIO,2024-09-30,8,TELEFONICA BRASIL SA,24,BENEFPROPDIFERIDO,805-BENEFICIOPROPORCIONALDIFERIDO,1-BENEFICIO,8454.7
FOLHADEBENEFICIO,2024-09-30,8,TELEFONICA BRASIL SA,24,BENEFPROPDIFERIDO,805-BENEFICIOPROPORCIONALDIFERIDO,731-IMPOSTODERENDAREGRESSIVA5565,-328.72
FOLHADEBENEFICIO,2024-09-30,8,TELEFONICA BRASIL SA,24,PENSAOPORMORTE,806-PENSAOPORMORTE,3-BENEFICIODEPENSAO,1328.81
FOLHADEBENEFICIO,2024-09-30,8,TELEFONICA BRASIL SA,24,PENSAOPORMORTE,818-PENSAOPORMORTE-ASSISTIDO,3-BENEFICIODEPENSAO,1375.06
FOLHADEBENEFICIO,2024-09-30,8,TELEFONICA BRASIL SA,24,PENSAOPORMORTE,818-PENSAOPORMORTE-ASSISTIDO,731-IMPOSTODERENDAREGRESSIVA5565,-206.26
FOLHADEBENEFICIO,2024-09-30,8,TELEFONICA BRASIL SA,25,APOSENTADORIAANTECIPADA,804-APOSENTADORIAANTECIPADA,1-BENEFICIO,5815.93
FOLHADEBENEFICIO,2024-09-30,8,TELEFONICA BRASIL SA,26,APOSENTADORIAANTECIPADA,804-APOSENTADORIAANTECIPADA,1-BENEFICIO,4402.52
FOLHADEBENEFICIO,2024-09-30,8,TELEFONICA BRASIL SA,26,APOSENTADORIAANTECIPADA,804-APOSENTADORIAANTECIPADA,731-IMPOSTODERENDAREGRESSIVA5565,-440.25
FOLHADEBENEFICIO,2024-09-30,8,TELEFONICA BRASIL SA,26,APOSENTADORIANORMAL,803-APOSENTADORIA,1-BENEFICIO,685.88
FOLHADEBENEFICIO,2024-09-30,8,TELEFONICA BRASIL SA,26,APOSENTADORIANORMAL,803-APOSENTADORIA,731-IMPOSTODERENDAREGRESSIVA5565,-137.18
FOLHADEBENEFICIO,2024-09-30,8,TELEFONICA BRASIL SA,26,APOSENTADORIAPORINVALIDEZ,802-BENEFICIOPORINCAPACIDADEPERMANENTE,1-BENEFICIO,4355.77
FOLHADEBENEFICIO,2024-09-30,8,TELEFONICA BRASIL SA,26,BENEFPROPDIFERIDO,805-BENEFICIOPROPORCIONALDIFERIDO,1-BENEFICIO,1015.5
FOLHADEBENEFICIO,2024-09-30,8,TELEFONICA GLOBAL SOLUTIONS BRASIL LTDA,22,BENEFPROPDIFERIDO,805-BENEFICIOPROPORCIONALDIFERIDO,1-BENEFICIO,377.97
FOLHADEBENEFICIO,2024-09-30,8,TELEFONICA GLOBAL SOLUTIONS BRASIL LTDA,22,BENEFPROPDIFERIDO,805-BENEFICIOPROPORCIONALDIFERIDO,731-IMPOSTODERENDAREGRESSIVA5565,-56.7
FOLHADEBENEFICIO,2024-09-30,8,TELEFONICA GLOBAL SOLUTIONS BRASIL LTDA,23,APOSENTADORIANORMAL,803-APOSENTADORIA,1-BENEFICIO,36250.24
FOLHADEBENEFICIO,2024-09-30,8,TELEFONICA GLOBAL SOLUTIONS BRASIL LTDA,23,APOSENTADORIANORMAL,803-APOSENTADORIA,731-IMPOSTODERENDAREGRESSIVA5565,-4961.06
FOLHADEBENEFICIO,2024-09-30,8,TELXIUS CABLE BRASIL LTDA,23,BENEFPROPDIFERIDO,805-BENEFICIOPROPORCIONALDIFERIDO,1-BENEFICIO,5241.69
FOLHADEBENEFICIO,2024-09-30,8,TELXIUS CABLE BRASIL LTDA,23,BENEFPROPDIFERIDO,805-BENEFICIOPROPORCIONALDIFERIDO,2101-DESCONTOIMPOSTODERENDARESID.EXTERIOR9466,-1133.2
FOLHADEBENEFICIO,2024-09-30,8,TELXIUS CABLE BRASIL LTDA,23,BENEFPROPDIFERIDO,805-BENEFICIOPROPORCIONALDIFERIDO,731-IMPOSTODERENDAREGRESSIVA5565,-70.89
FOLHADEBENEFICIO,2024-09-30,8,TELXIUS CABLE BRASIL LTDA,24,APOSENTADORIANORMAL,803-APOSENTADORIA,1-BENEFICIO,9545.78
FOLHADEBENEFICIO,2024-09-30,8,TELXIUS CABLE BRASIL LTDA,24,APOSENTADORIANORMAL,803-APOSENTADORIA,731-IMPOSTODERENDAREGRESSIVA5565,-954.58
FOLHADEBENEFICIO,2024-09-30,8,TELXIUS CABLE BRASIL LTDA,26,BENEFPROPDIFERIDO,805-BENEFICIOPROPORCIONALDIFERIDO,1-BENEFICIO,0.0
FOLHADEBENEFICIO,2024-09-30,8,TERRA NETWORKS BRASIL S/A,22,APOSENTADORIANORMAL,803-APOSENTADORIA,1-BENEFICIO,17379.23
FOLHADEBENEFICIO,2024-09-30,8,TERRA NETWORKS BRASIL S/A,22,APOSENTADORIANORMAL,803-APOSENTADORIA,41-EMPRESTIMO,-1214.33
FOLHADEBENEFICIO,2024-09-30,8,TERRA NETWORKS BRASIL S/A,22,APOSENTADORIANORMAL,803-APOSENTADORIA,573-IMPOSTODERENDA(3540),-2929.44
FOLHADEBENEFICIO,2024-09-30,8,TERRA NETWORKS BRASIL S/A,23,APOSENTADORIANORMAL,803-APOSENTADORIA,1-BENEFICIO,9386.59
FOLHADEBENEFICIO,2024-09-30,8,TERRA NETWORKS BRASIL S/A,23,APOSENTADORIANORMAL,803-APOSENTADORIA,731-IMPOSTODERENDAREGRESSIVA5565,-923.17
FOLHADEBENEFICIO,2024-09-30,8,TERRA NETWORKS BRASIL S/A,23,BENEFPROPDIFERIDO,805-BENEFICIOPROPORCIONALDIFERIDO,1-BENEFICIO,14557.48
FOLHADEBENEFICIO,2024-09-30,8,TERRA NETWORKS BRASIL S/A,23,BENEFPROPDIFERIDO,805-BENEFICIOPROPORCIONALDIFERIDO,573-IMPOSTODERENDA(3540),-1446.01
FOLHADEBENEFICIO,2024-09-30,8,TERRA NETWORKS BRASIL S/A,23,BENEFPROPDIFERIDO,805-BENEFICIOPROPORCIONALDIFERIDO,731-IMPOSTODERENDAREGRESSIVA5565,-427.0
FOLHADEBENEFICIO,2024-09-30,8,TERRA NETWORKS BRASIL S/A,24,APOSENTADORIANORMAL,803-APOSENTADORIA,1-BENEFICIO,22144.5
FOLHADEBENEFICIO,2024-09-30,8,TERRA NETWORKS BRASIL S/A,24,APOSENTADORIANORMAL,803-APOSENTADORIA,731-IMPOSTODERENDAREGRESSIVA5565,-2214.45
FOLHADEBENEFICIO,2024-09-30,8,TERRA NETWORKS BRASIL S/A,24,BENEFPROPDIFERIDO,805-BENEFICIOPROPORCIONALDIFERIDO,1-BENEFICIO,8130.46
FOLHADEBENEFICIO,2024-09-30,8,TERRA NETWORKS BRASIL S/A,24,BENEFPROPDIFERIDO,805-BENEFICIOPROPORCIONALDIFERIDO,24-RESIDUOSALDO-BENEFTRIBUT-INFORMADO,2478.92
FOLHADEBENEFICIO,2024-09-30,8,TERRA NETWORKS BRASIL S/A,24,BENEFPROPDIFERIDO,805-BENEFICIOPROPORCIONALDIFERIDO,41-EMPRESTIMO,-33.74
FOLHADEBENEFICIO,2024-09-30,8,TERRA NETWORKS BRASIL S/A,24,BENEFPROPDIFERIDO,805-BENEFICIOPROPORCIONALDIFERIDO,573-IMPOSTODERENDA(3540),-882.94
FOLHADEBENEFICIO,2024-09-30,8,TERRA NETWORKS BRASIL S/A,24,BENEFPROPDIFERIDO,805-BENEFICIOPROPORCIONALDIFERIDO,731-IMPOSTODERENDAREGRESSIVA5565,-337.16
FOLHADEBENEFICIO,2024-09-30,8,TERRA NETWORKS BRASIL S/A,26,APOSENTADORIANORMAL,803-APOSENTADORIA,1-BENEFICIO,564.94
FOLHADEBENEFICIO,2024-09-30,8,VISAO PREV SOCIEDADE DE PREVIDENCIA COMPLEMENTAR,22,APOSENTADORIANORMAL,803-APOSENTADORIA,1-BENEFICIO,0.0
FOLHADEBENEFICIO,2024-09-30,8,VISAO PREV SOCIEDADE DE PREVIDENCIA COMPLEMENTAR,23,APOSENTADORIANORMAL,803-APOSENTADORIA,1-BENEFICIO,3093.34
FOLHADEBENEFICIO,2024-09-30,8,VISAO PREV SOCIEDADE DE PREVIDENCIA COMPLEMENTAR,23,APOSENTADORIANORMAL,803-APOSENTADORIA,731-IMPOSTODERENDAREGRESSIVA5565,-464.0
FOLHADEBENEFICIO,2024-09-30,49,FUNDACAO TELEFONICA,28,APOSENTADORIANORMAL,4903-APOSENTADORIA,1-BENEFICIO,1218.25
FOLHADEBENEFICIO,2024-09-30,49,FUNDACAO TELEFONICA,28,APOSENTADORIANORMAL,4903-APOSENTADORIA,731-IMPOSTODERENDAREGRESSIVA5565,-121.83
FOLHADEBENEFICIO,2024-09-30,49,FUNDACAO TELEFONICA,28,APOSENTADORIAPOSTERGADA,4905-APOSENTADORIAPOSTERGADA,1-BENEFICIO,18219.1
FOLHADEBENEFICIO,2024-09-30,49,FUNDACAO TELEFONICA,28,APOSENTADORIAPOSTERGADA,4905-APOSENTADORIAPOSTERGADA,731-IMPOSTODERENDAREGRESSIVA5565,-1821.91
FOLHADEBENEFICIO,2024-09-30,49,FUNDACAO TELEFONICA,31,BENEFPROPDIFERIDO,4917-BENEFICIODIFERIDOPORDESLIGAMENTO,1-BENEFICIO,2227.76
FOLHADEBENEFICIO,2024-09-30,49,FUNDACAO TELEFONICA,31,BENEFPROPDIFERIDO,4917-BENEFICIODIFERIDOPORDESLIGAMENTO,731-IMPOSTODERENDAREGRESSIVA5565,-222.78
FOLHADEBENEFICIO,2024-09-30,49,SP TELECOMUNICACOES PARTICIPACOES LTDA,28,BENEFPROPDIFERIDO,4917-BENEFICIODIFERIDOPORDESLIGAMENTO,1-BENEFICIO,1291.41
FOLHADEBENEFICIO,2024-09-30,49,SP TELECOMUNICACOES PARTICIPACOES LTDA,28,BENEFPROPDIFERIDO,4917-BENEFICIODIFERIDOPORDESLIGAMENTO,731-IMPOSTODERENDAREGRESSIVA5565,-129.14
FOLHADEBENEFICIO,2024-09-30,49,SP TELECOMUNICACOES PARTICIPACOES LTDA,30,BENEFPROPDIFERIDO,4917-BENEFICIODIFERIDOPORDESLIGAMENTO,1-BENEFICIO,57447.21
FOLHADEBENEFICIO,2024-09-30,49,SP TELECOMUNICACOES PARTICIPACOES LTDA,30,BENEFPROPDIFERIDO,4917-BENEFICIODIFERIDOPORDESLIGAMENTO,573-IMPOSTODERENDA(3540),-14223.07
FOLHADEBENEFICIO,2024-09-30,49,TELEFONICA BRASIL SA,,APOSENTADORIANORMAL,4903-APOSENTADORIA,14121-IN1343-DEDUCAOBASETRIBUTAVEL(INFORMATIVO),-4127.31
FOLHADEBENEFICIO,2024-09-30,49,TELEFONICA BRASIL SA,,APOSENTADORIANORMAL,4903-APOSENTADORIA,14122-IN1343-DEDUCAOBASETRIBUTAVELREGR.(INFORMATIVO),-13262.81
FOLHADEBENEFICIO,2024-09-30,49,TELEFONICA BRASIL SA,,APOSENTADORIANORMAL,4903-APOSENTADORIA,14151-IN1343-BAIXAESTOQUEISENTO(INFORMATIVO),4127.31
FOLHADEBENEFICIO,2024-09-30,49,TELEFONICA BRASIL SA,,APOSENTADORIANORMAL,4903-APOSENTADORIA,14152-IN1343-BAIXAESTOQUEISENTOREGR.(INFORMATIVO),13262.81
FOLHADEBENEFICIO,2024-09-30,49,TELEFONICA BRASIL SA,,BENEFPROPDIFERIDO,4917-BENEFICIODIFERIDOPORDESLIGAMENTO,14121-IN1343-DEDUCAOBASETRIBUTAVEL(INFORMATIVO),-3728.26
FOLHADEBENEFICIO,2024-09-30,49,TELEFONICA BRASIL SA,,BENEFPROPDIFERIDO,4917-BENEFICIODIFERIDOPORDESLIGAMENTO,14151-IN1343-BAIXAESTOQUEISENTO(INFORMATIVO),3728.26
FOLHADEBENEFICIO,2024-09-30,49,TELEFONICA BRASIL SA,27,APOSENTADORIAANTECIPADA,4904-APOSENTADORIAANTECIPADA,1-BENEFICIO,756643.64
FOLHADEBENEFICIO,2024-09-30,49,TELEFONICA BRASIL SA,27,APOSENTADORIAANTECIPADA,4904-APOSENTADORIAANTECIPADA,12-BENEFICIOISENTA,325.27
FOLHADEBENEFICIO,2024-09-30,49,TELEFONICA BRASIL SA,27,APOSENTADORIAANTECIPADA,4904-APOSENTADORIAANTECIPADA,41-EMPRESTIMO,-15447.93
FOLHADEBENEFICIO,2024-09-30,49,TELEFONICA BRASIL SA,27,APOSENTADORIAANTECIPADA,4904-APOSENTADORIAANTECIPADA,573-IMPOSTODERENDA(3540),-35031.83
FOLHADEBENEFICIO,2024-09-30,49,TELEFONICA BRASIL SA,27,APOSENTADORIAANTECIPADA,4904-APOSENTADORIAANTECIPADA,731-IMPOSTODERENDAREGRESSIVA5565,-18807.87
FOLHADEBENEFICIO,2024-09-30,49,TELEFONICA BRASIL SA,27,APOSENTADORIANORMAL,4903-APOSENTADORIA,1-BENEFICIO,667080.28
FOLHADEBENEFICIO,2024-09-30,49,TELEFONICA BRASIL SA,27,APOSENTADORIANORMAL,4903-APOSENTADORIA,141-BENEFICIOPAGTOUNICOASSISTIDOTRIBUTAVEL-INFORMADO,109328.68
FOLHADEBENEFICIO,2024-09-30,49,TELEFONICA BRASIL SA,27,APOSENTADORIANORMAL,4903-APOSENTADORIA,41-EMPRESTIMO,-11560.3
FOLHADEBENEFICIO,2024-09-30,49,TELEFONICA BRASIL SA,27,APOSENTADORIANORMAL,4903-APOSENTADORIA,573-IMPOSTODERENDA(3540),-30096.99
FOLHADEBENEFICIO,2024-09-30,49,TELEFONICA BRASIL SA,27,APOSENTADORIANORMAL,4903-APOSENTADORIA,6-SAQUE,40289.46
FOLHADEBENEFICIO,2024-09-30,49,TELEFONICA BRASIL SA,27,APOSENTADORIANORMAL,4903-APOSENTADORIA,731-IMPOSTODERENDAREGRESSIVA5565,-56925.61
FOLHADEBENEFICIO,2024-09-30,49,TELEFONICA BRASIL SA,27,APOSENTADORIANORMAL,4999-APOSENTADORIA,199-BENEFICIO,223.13
FOLHADEBENEFICIO,2024-09-30,49,TELEFONICA BRASIL SA,27,APOSENTADORIANORMAL,4999-APOSENTADORIA,731-IMPOSTODERENDAREGRESSIVA5565,-710.83
FOLHADEBENEFICIO,2024-09-30,49,TELEFONICA BRASIL SA,27,APOSENTADORIANORMAL,4999-APOSENTADORIA,955-BENEFICIOMENSAL,6885.22
FOLHADEBENEFICIO,2024-09-30,49,TELEFONICA BRASIL SA,27,APOSENTADORIAPORINVALIDEZ,4902-BENEFICIOPORINCAPACIDADEPERMANENTE,1-BENEFICIO,4819.16
FOLHADEBENEFICIO,2024-09-30,49,TELEFONICA BRASIL SA,27,APOSENTADORIAPORINVALIDEZ,4902-BENEFICIOPORINCAPACIDADEPERMANENTE,573-IMPOSTODERENDA(3540),-25.56
FOLHADEBENEFICIO,2024-09-30,49,TELEFONICA BRASIL SA,27,APOSENTADORIAPOSTERGADA,4905-APOSENTADORIAPOSTERGADA,1-BENEFICIO,12523.18
FOLHADEBENEFICIO,2024-09-30,49,TELEFONICA BRASIL SA,27,APOSENTADORIAPOSTERGADA,4905-APOSENTADORIAPOSTERGADA,731-IMPOSTODERENDAREGRESSIVA5565,-1252.32
FOLHADEBENEFICIO,2024-09-30,49,TELEFONICA BRASIL SA,27,BENEFPROPDIFERIDO,4917-BENEFICIODIFERIDOPORDESLIGAMENTO,1-BENEFICIO,511009.83
FOLHADEBENEFICIO,2024-09-30,49,TELEFONICA BRASIL SA,27,BENEFPROPDIFERIDO,4917-BENEFICIODIFERIDOPORDESLIGAMENTO,1013-DESCONTOCONTRIB.ASSISTIDOSP/PLANO,-108.99
FOLHADEBENEFICIO,2024-09-30,49,TELEFONICA BRASIL SA,27,BENEFPROPDIFERIDO,4917-BENEFICIODIFERIDOPORDESLIGAMENTO,41-EMPRESTIMO,-9378.86
FOLHADEBENEFICIO,2024-09-30,49,TELEFONICA BRASIL SA,27,BENEFPROPDIFERIDO,4917-BENEFICIODIFERIDOPORDESLIGAMENTO,573-IMPOSTODERENDA(3540),-13514.4
FOLHADEBENEFICIO,2024-09-30,49,TELEFONICA BRASIL SA,27,BENEFPROPDIFERIDO,4917-BENEFICIODIFERIDOPORDESLIGAMENTO,731-IMPOSTODERENDAREGRESSIVA5565,-26716.02
FOLHADEBENEFICIO,2024-09-30,49,TELEFONICA BRASIL SA,27,BENEFPROPDIFERIDO,4937-DIFERIMENTO(INSTITUTOBPD),1-BENEFICIO,2972.22
FOLHADEBENEFICIO,2024-09-30,49,TELEFONICA BRASIL SA,27,BENEFPROPDIFERIDO,4937-DIFERIMENTO(INSTITUTOBPD),41-EMPRESTIMO,-511.7
FOLHADEBENEFICIO,2024-09-30,49,TELEFONICA BRASIL SA,27,PENSAOPORMORTE,4906-PENSAOPORMORTEDEATIVO,3-BENEFICIODEPENSAO,22639.54
FOLHADEBENEFICIO,2024-09-30,49,TELEFONICA BRASIL SA,27,PENSAOPORMORTE,4906-PENSAOPORMORTEDEATIVO,5-RETROATIVOBENEFTRIBUT,6189.37
FOLHADEBENEFICIO,2024-09-30,49,TELEFONICA BRASIL SA,27,PENSAOPORMORTE,4906-PENSAOPORMORTEDEATIVO,573-IMPOSTODERENDA(3540),-2368.65
FOLHADEBENEFICIO,2024-09-30,49,TELEFONICA BRASIL SA,27,PENSAOPORMORTE,4906-PENSAOPORMORTEDEATIVO,731-IMPOSTODERENDAREGRESSIVA5565,-2394.56
FOLHADEBENEFICIO,2024-09-30,49,TELEFONICA BRASIL SA,27,PENSAOPORMORTE,4916-PENSAOPORMORTEDEINATIVO,3-BENEFICIODEPENSAO,99119.97
FOLHADEBENEFICIO,2024-09-30,49,TELEFONICA BRASIL SA,27,PENSAOPORMORTE,4916-PENSAOPORMORTEDEINATIVO,41-EMPRESTIMO,-313.31
FOLHADEBENEFICIO,2024-09-30,49,TELEFONICA BRASIL SA,27,PENSAOPORMORTE,4916-PENSAOPORMORTEDEINATIVO,573-IMPOSTODERENDA(3540),-4745.84
FOLHADEBENEFICIO,2024-09-30,49,TELEFONICA BRASIL SA,27,PENSAOPORMORTE,4916-PENSAOPORMORTEDEINATIVO,731-IMPOSTODERENDAREGRESSIVA5565,-1827.24
FOLHADEBENEFICIO,2024-09-30,49,TELEFONICA BRASIL SA,28,APOSENTADORIAANTECIPADA,4904-APOSENTADORIAANTECIPADA,1-BENEFICIO,4301688.99
FOLHADEBENEFICIO,2024-09-30,49,TELEFONICA BRASIL SA,28,APOSENTADORIAANTECIPADA,4904-APOSENTADORIAANTECIPADA,1013-DESCONTOCONTRIB.ASSISTIDOSP/PLANO,-1244.95
FOLHADEBENEFICIO,2024-09-30,49,TELEFONICA BRASIL SA,28,APOSENTADORIAANTECIPADA,4904-APOSENTADORIAANTECIPADA,12-BENEFICIOISENTA,2469.9
FOLHADEBENEFICIO,2024-09-30,49,TELEFONICA BRASIL SA,28,APOSENTADORIAANTECIPADA,4904-APOSENTADORIAANTECIPADA,41-EMPRESTIMO,-92221.75
FOLHADEBENEFICIO,2024-09-30,49,TELEFONICA BRASIL SA,28,APOSENTADORIAANTECIPADA,4904-APOSENTADORIAANTECIPADA,573-IMPOSTODERENDA(3540),-267739.4
FOLHADEBENEFICIO,2024-09-30,49,TELEFONICA BRASIL SA,28,APOSENTADORIAANTECIPADA,4904-APOSENTADORIAANTECIPADA,6-SAQUE,293572.67
FOLHADEBENEFICIO,2024-09-30,49,TELEFONICA BRASIL SA,28,APOSENTADORIAANTECIPADA,4904-APOSENTADORIAANTECIPADA,72-PENSAOALIMENTICIA,-32286.54
FOLHADEBENEFICIO,2024-09-30,49,TELEFONICA BRASIL SA,28,APOSENTADORIAANTECIPADA,4904-APOSENTADORIAANTECIPADA,731-IMPOSTODERENDAREGRESSIVA5565,-38326.53
FOLHADEBENEFICIO,2024-09-30,49,TELEFONICA BRASIL SA,28,APOSENTADORIAANTECIPADA,4904-APOSENTADORIAANTECIPADA,75-PENSAOALIMENTICIA,-949.43
FOLHADEBENEFICIO,2024-09-30,49,TELEFONICA BRASIL SA,28,APOSENTADORIAANTECIPADA,4904-APOSENTADORIAANTECIPADA,79-CONTRIBUICAOASSOCIACAO,-37.47
FOLHADEBENEFICIO,2024-09-30,49,TELEFONICA BRASIL SA,28,APOSENTADORIANORMAL,4903-APOSENTADORIA,1-BENEFICIO,1993412.06
FOLHADEBENEFICIO,2024-09-30,49,TELEFONICA BRASIL SA,28,APOSENTADORIANORMAL,4903-APOSENTADORIA,1013-DESCONTOCONTRIB.ASSISTIDOSP/PLANO,-800.0
FOLHADEBENEFICIO,2024-09-30,49,TELEFONICA BRASIL SA,28,APOSENTADORIANORMAL,4903-APOSENTADORIA,1313-DESCONTOCONTRIB.ASSISTIDOSP/PLANO,-200.0
FOLHADEBENEFICIO,2024-09-30,49,TELEFONICA BRASIL SA,28,APOSENTADORIANORMAL,4903-APOSENTADORIA,41-EMPRESTIMO,-59702.05
FOLHADEBENEFICIO,2024-09-30,49,TELEFONICA BRASIL SA,28,APOSENTADORIANORMAL,4903-APOSENTADORIA,573-IMPOSTODERENDA(3540),-133063.85
FOLHADEBENEFICIO,2024-09-30,49,TELEFONICA BRASIL SA,28,APOSENTADORIANORMAL,4903-APOSENTADORIA,6-SAQUE,185322.86
FOLHADEBENEFICIO,2024-09-30,49,TELEFONICA BRASIL SA,28,APOSENTADORIANORMAL,4903-APOSENTADORIA,731-IMPOSTODERENDAREGRESSIVA5565,-90874.14
FOLHADEBENEFICIO,2024-09-30,49,TELEFONICA BRASIL SA,28,APOSENTADORIANORMAL,4999-APOSENTADORIA,199-BENEFICIO,3606.52
FOLHADEBENEFICIO,2024-09-30,49,TELEFONICA BRASIL SA,28,APOSENTADORIANORMAL,4999-APOSENTADORIA,41-EMPRESTIMO,-178.21
FOLHADEBENEFICIO,2024-09-30,49,TELEFONICA BRASIL SA,28,APOSENTADORIANORMAL,4999-APOSENTADORIA,731-IMPOSTODERENDAREGRESSIVA5565,-382.97
FOLHADEBENEFICIO,2024-09-30,49,TELEFONICA BRASIL SA,28,APOSENTADORIAPORINVALIDEZ,4902-BENEFICIOPORINCAPACIDADEPERMANENTE,1-BENEFICIO,102880.18
FOLHADEBENEFICIO,2024-09-30,49,TELEFONICA BRASIL SA,28,APOSENTADORIAPORINVALIDEZ,4902-BENEFICIOPORINCAPACIDADEPERMANENTE,12-BENEFICIOISENTA,152.65
FOLHADEBENEFICIO,2024-09-30,49,TELEFONICA BRASIL SA,28,APOSENTADORIAPORINVALIDEZ,4902-BENEFICIOPORINCAPACIDADEPERMANENTE,41-EMPRESTIMO,-4949.06
FOLHADEBENEFICIO,2024-09-30,49,TELEFONICA BRASIL SA,28,APOSENTADORIAPORINVALIDEZ,4902-BENEFICIOPORINCAPACIDADEPERMANENTE,573-IMPOSTODERENDA(3540),-1360.54
FOLHADEBENEFICIO,2024-09-30,49,TELEFONICA BRASIL SA,28,APOSENTADORIAPORINVALIDEZ,4902-BENEFICIOPORINCAPACIDADEPERMANENTE,72-PENSAOALIMENTICIA,-1484.19
FOLHADEBENEFICIO,2024-09-30,49,TELEFONICA BRASIL SA,28,APOSENTADORIAPORINVALIDEZ,4902-BENEFICIOPORINCAPACIDADEPERMANENTE,731-IMPOSTODERENDAREGRESSIVA5565,-533.18
FOLHADEBENEFICIO,2024-09-30,49,TELEFONICA BRASIL SA,28,APOSENTADORIAPOSTERGADA,4905-APOSENTADORIAPOSTERGADA,1-BENEFICIO,64801.34
FOLHADEBENEFICIO,2024-09-30,49,TELEFONICA BRASIL SA,28,APOSENTADORIAPOSTERGADA,4905-APOSENTADORIAPOSTERGADA,573-IMPOSTODERENDA(3540),-8439.12
FOLHADEBENEFICIO,2024-09-30,49,TELEFONICA BRASIL SA,28,APOSENTADORIAPOSTERGADA,4905-APOSENTADORIAPOSTERGADA,731-IMPOSTODERENDAREGRESSIVA5565,-804.32
FOLHADEBENEFICIO,2024-09-30,49,TELEFONICA BRASIL SA,28,BENEFPROPDIFERIDO,4917-BENEFICIODIFERIDOPORDESLIGAMENTO,1-BENEFICIO,2197326.96
FOLHADEBENEFICIO,2024-09-30,49,TELEFONICA BRASIL SA,28,BENEFPROPDIFERIDO,4917-BENEFICIODIFERIDOPORDESLIGAMENTO,117-RESIDUOSALDO-BENEFTRIBUT,1043.69
FOLHADEBENEFICIO,2024-09-30,49,TELEFONICA BRASIL SA,28,BENEFPROPDIFERIDO,4917-BENEFICIODIFERIDOPORDESLIGAMENTO,12-BENEFICIOISENTA,313.71
FOLHADEBENEFICIO,2024-09-30,49,TELEFONICA BRASIL SA,28,BENEFPROPDIFERIDO,4917-BENEFICIODIFERIDOPORDESLIGAMENTO,141-BENEFICIOPAGTOUNICOASSISTIDOTRIBUTAVEL-INFORMADO,47103.75
FOLHADEBENEFICIO,2024-09-30,49,TELEFONICA BRASIL SA,28,BENEFPROPDIFERIDO,4917-BENEFICIODIFERIDOPORDESLIGAMENTO,2101-DESCONTOIMPOSTODERENDARESID.EXTERIOR9466,-1042.12
FOLHADEBENEFICIO,2024-09-30,49,TELEFONICA BRASIL SA,28,BENEFPROPDIFERIDO,4917-BENEFICIODIFERIDOPORDESLIGAMENTO,41-EMPRESTIMO,-43752.29
FOLHADEBENEFICIO,2024-09-30,49,TELEFONICA BRASIL SA,28,BENEFPROPDIFERIDO,4917-BENEFICIODIFERIDOPORDESLIGAMENTO,45-QUITACAODEEMPRESTIMO,-1246.07
FOLHADEBENEFICIO,2024-09-30,49,TELEFONICA BRASIL SA,28,BENEFPROPDIFERIDO,4917-BENEFICIODIFERIDOPORDESLIGAMENTO,50-DEPOSITOJUDICIAL,-928.82
FOLHADEBENEFICIO,2024-09-30,49,TELEFONICA BRASIL SA,28,BENEFPROPDIFERIDO,4917-BENEFICIODIFERIDOPORDESLIGAMENTO,573-IMPOSTODERENDA(3540),-101405.69
FOLHADEBENEFICIO,2024-09-30,49,TELEFONICA BRASIL SA,28,BENEFPROPDIFERIDO,4917-BENEFICIODIFERIDOPORDESLIGAMENTO,6-SAQUE,40216.07
FOLHADEBENEFICIO,2024-09-30,49,TELEFONICA BRASIL SA,28,BENEFPROPDIFERIDO,4917-BENEFICIODIFERIDOPORDESLIGAMENTO,72-PENSAOALIMENTICIA,-1467.16
FOLHADEBENEFICIO,2024-09-30,49,TELEFONICA BRASIL SA,28,BENEFPROPDIFERIDO,4917-BENEFICIODIFERIDOPORDESLIGAMENTO,731-IMPOSTODERENDAREGRESSIVA5565,-62233.0
FOLHADEBENEFICIO,2024-09-30,49,TELEFONICA BRASIL SA,28,PENSAOPORMORTE,4906-PENSAOPORMORTEDEATIVO,3-BENEFICIODEPENSAO,142380.37
FOLHADEBENEFICIO,2024-09-30,49,TELEFONICA BRASIL SA,28,PENSAOPORMORTE,4906-PENSAOPORMORTEDEATIVO,573-IMPOSTODERENDA(3540),-12463.39
FOLHADEBENEFICIO,2024-09-30,49,TELEFONICA BRASIL SA,28,PENSAOPORMORTE,4906-PENSAOPORMORTEDEATIVO,731-IMPOSTODERENDAREGRESSIVA5565,-1914.43
FOLHADEBENEFICIO,2024-09-30,49,TELEFONICA BRASIL SA,28,PENSAOPORMORTE,4916-PENSAOPORMORTEDEINATIVO,1242-BENEFICIOPENSAOISENTA,594.98
FOLHADEBENEFICIO,2024-09-30,49,TELEFONICA BRASIL SA,28,PENSAOPORMORTE,4916-PENSAOPORMORTEDEINATIVO,3-BENEFICIODEPENSAO,642582.28
FOLHADEBENEFICIO,2024-09-30,49,TELEFONICA BRASIL SA,28,PENSAOPORMORTE,4916-PENSAOPORMORTEDEINATIVO,41-EMPRESTIMO,-6011.74
FOLHADEBENEFICIO,2024-09-30,49,TELEFONICA BRASIL SA,28,PENSAOPORMORTE,4916-PENSAOPORMORTEDEINATIVO,5-RETROATIVOBENEFTRIBUT,2866.88
FOLHADEBENEFICIO,2024-09-30,49,TELEFONICA BRASIL SA,28,PENSAOPORMORTE,4916-PENSAOPORMORTEDEINATIVO,55-DESCONTODEREVISAODEBENEFICIO,-55.99
FOLHADEBENEFICIO,2024-09-30,49,TELEFONICA BRASIL SA,28,PENSAOPORMORTE,4916-PENSAOPORMORTEDEINATIVO,573-IMPOSTODERENDA(3540),-42401.37
FOLHADEBENEFICIO,2024-09-30,49,TELEFONICA BRASIL SA,28,PENSAOPORMORTE,4916-PENSAOPORMORTEDEINATIVO,731-IMPOSTODERENDAREGRESSIVA5565,-5693.37
FOLHADEBENEFICIO,2024-09-30,49,TELEFONICA BRASIL SA,29,APOSENTADORIAANTECIPADA,4904-APOSENTADORIAANTECIPADA,1-BENEFICIO,4343758.56
FOLHADEBENEFICIO,2024-09-30,49,TELEFONICA BRASIL SA,29,APOSENTADORIAANTECIPADA,4904-APOSENTADORIAANTECIPADA,1013-DESCONTOCONTRIB.ASSISTIDOSP/PLANO,-970.0
FOLHADEBENEFICIO,2024-09-30,49,TELEFONICA BRASIL SA,29,APOSENTADORIAANTECIPADA,4904-APOSENTADORIAANTECIPADA,12-BENEFICIOISENTA,1729.59
FOLHADEBENEFICIO,2024-09-30,49,TELEFONICA BRASIL SA,29,APOSENTADORIAANTECIPADA,4904-APOSENTADORIAANTECIPADA,1313-DESCONTOCONTRIB.ASSISTIDOSP/PLANO,-327.98
FOLHADEBENEFICIO,2024-09-30,49,TELEFONICA BRASIL SA,29,APOSENTADORIAANTECIPADA,4904-APOSENTADORIAANTECIPADA,41-EMPRESTIMO,-82817.9
FOLHADEBENEFICIO,2024-09-30,49,TELEFONICA BRASIL SA,29,APOSENTADORIAANTECIPADA,4904-APOSENTADORIAANTECIPADA,567-IMPOSTODERENDAJUDICIAL(3540),-154.86
FOLHADEBENEFICIO,2024-09-30,49,TELEFONICA BRASIL SA,29,APOSENTADORIAANTECIPADA,4904-APOSENTADORIAANTECIPADA,569-IMPOSTODERENDADEPOSITOJUDICIAL7431(3540),-29.63
FOLHADEBENEFICIO,2024-09-30,49,TELEFONICA BRASIL SA,29,APOSENTADORIAANTECIPADA,4904-APOSENTADORIAANTECIPADA,573-IMPOSTODERENDA(3540),-364672.63
FOLHADEBENEFICIO,2024-09-30,49,TELEFONICA BRASIL SA,29,APOSENTADORIAANTECIPADA,4904-APOSENTADORIAANTECIPADA,6-SAQUE,58034.12
FOLHADEBENEFICIO,2024-09-30,49,TELEFONICA BRASIL SA,29,APOSENTADORIAANTECIPADA,4904-APOSENTADORIAANTECIPADA,72-PENSAOALIMENTICIA,-15274.74
FOLHADEBENEFICIO,2024-09-30,49,TELEFONICA BRASIL SA,29,APOSENTADORIAANTECIPADA,4904-APOSENTADORIAANTECIPADA,731-IMPOSTODERENDAREGRESSIVA5565,-32599.42
FOLHADEBENEFICIO,2024-09-30,49,TELEFONICA BRASIL SA,29,APOSENTADORIANORMAL,4903-APOSENTADORIA,1-BENEFICIO,1221511.28
FOLHADEBENEFICIO,2024-09-30,49,TELEFONICA BRASIL SA,29,APOSENTADORIANORMAL,4903-APOSENTADORIA,1013-DESCONTOCONTRIB.ASSISTIDOSP/PLANO,-850.0
FOLHADEBENEFICIO,2024-09-30,49,TELEFONICA BRASIL SA,29,APOSENTADORIANORMAL,4903-APOSENTADORIA,141-BENEFICIOPAGTOUNICOASSISTIDOTRIBUTAVEL-INFORMADO,235968.72
FOLHADEBENEFICIO,2024-09-30,49,TELEFONICA BRASIL SA,29,APOSENTADORIANORMAL,4903-APOSENTADORIA,2101-DESCONTOIMPOSTODERENDARESID.EXTERIOR9466,-2314.53
FOLHADEBENEFICIO,2024-09-30,49,TELEFONICA BRASIL SA,29,APOSENTADORIANORMAL,4903-APOSENTADORIA,41-EMPRESTIMO,-51011.16
FOLHADEBENEFICIO,2024-09-30,49,TELEFONICA BRASIL SA,29,APOSENTADORIANORMAL,4903-APOSENTADORIA,573-IMPOSTODERENDA(3540),-68533.86
FOLHADEBENEFICIO,2024-09-30,49,TELEFONICA BRASIL SA,29,APOSENTADORIANORMAL,4903-APOSENTADORIA,6-SAQUE,284905.09
FOLHADEBENEFICIO,2024-09-30,49,TELEFONICA BRASIL SA,29,APOSENTADORIANORMAL,4903-APOSENTADORIA,72-PENSAOALIMENTICIA,-1412.0
FOLHADEBENEFICIO,2024-09-30,49,TELEFONICA BRASIL SA,29,APOSENTADORIANORMAL,4903-APOSENTADORIA,731-IMPOSTODERENDAREGRESSIVA5565,-117309.49
FOLHADEBENEFICIO,2024-09-30,49,TELEFONICA BRASIL SA,29,APOSENTADORIANORMAL,4999-APOSENTADORIA,199-BENEFICIO,95.84
FOLHADEBENEFICIO,2024-09-30,49,TELEFONICA BRASIL SA,29,APOSENTADORIANORMAL,4999-APOSENTADORIA,731-IMPOSTODERENDAREGRESSIVA5565,-9.58
FOLHADEBENEFICIO,2024-09-30,49,TELEFONICA BRASIL SA,29,APOSENTADORIAPORINVALIDEZ,4902-BENEFICIOPORINCAPACIDADEPERMANENTE,1-BENEFICIO,48651.8
FOLHADEBENEFICIO,2024-09-30,49,TELEFONICA BRASIL SA,29,APOSENTADORIAPORINVALIDEZ,4902-BENEFICIOPORINCAPACIDADEPERMANENTE,12-BENEFICIOISENTA,7597.74
FOLHADEBENEFICIO,2024-09-30,49,TELEFONICA BRASIL SA,29,APOSENTADORIAPORINVALIDEZ,4902-BENEFICIOPORINCAPACIDADEPERMANENTE,41-EMPRESTIMO,-2046.16
FOLHADEBENEFICIO,2024-09-30,49,TELEFONICA BRASIL SA,29,APOSENTADORIAPORINVALIDEZ,4902-BENEFICIOPORINCAPACIDADEPERMANENTE,573-IMPOSTODERENDA(3540),-1987.71
FOLHADEBENEFICIO,2024-09-30,49,TELEFONICA BRASIL SA,29,APOSENTADORIAPORINVALIDEZ,4902-BENEFICIOPORINCAPACIDADEPERMANENTE,731-IMPOSTODERENDAREGRESSIVA5565,-234.66
FOLHADEBENEFICIO,2024-09-30,49,TELEFONICA BRASIL SA,29,APOSENTADORIAPOSTERGADA,4905-APOSENTADORIAPOSTERGADA,1-BENEFICIO,11260.25
FOLHADEBENEFICIO,2024-09-30,49,TELEFONICA BRASIL SA,29,APOSENTADORIAPOSTERGADA,4905-APOSENTADORIAPOSTERGADA,41-EMPRESTIMO,-167.17
FOLHADEBENEFICIO,2024-09-30,49,TELEFONICA BRASIL SA,29,APOSENTADORIAPOSTERGADA,4905-APOSENTADORIAPOSTERGADA,573-IMPOSTODERENDA(3540),-92.44
FOLHADEBENEFICIO,2024-09-30,49,TELEFONICA BRASIL SA,29,BENEFPROPDIFERIDO,4917-BENEFICIODIFERIDOPORDESLIGAMENTO,1-BENEFICIO,1237085.5
FOLHADEBENEFICIO,2024-09-30,49,TELEFONICA BRASIL SA,29,BENEFPROPDIFERIDO,4917-BENEFICIODIFERIDOPORDESLIGAMENTO,1013-DESCONTOCONTRIB.ASSISTIDOSP/PLANO,-110.0
FOLHADEBENEFICIO,2024-09-30,49,TELEFONICA BRASIL SA,29,BENEFPROPDIFERIDO,4917-BENEFICIODIFERIDOPORDESLIGAMENTO,117-RESIDUOSALDO-BENEFTRIBUT,2190.77
FOLHADEBENEFICIO,2024-09-30,49,TELEFONICA BRASIL SA,29,BENEFPROPDIFERIDO,4917-BENEFICIODIFERIDOPORDESLIGAMENTO,12-BENEFICIOISENTA,503.63
FOLHADEBENEFICIO,2024-09-30,49,TELEFONICA BRASIL SA,29,BENEFPROPDIFERIDO,4917-BENEFICIODIFERIDOPORDESLIGAMENTO,1313-DESCONTOCONTRIB.ASSISTIDOSP/PLANO,-908.99
FOLHADEBENEFICIO,2024-09-30,49,TELEFONICA BRASIL SA,29,BENEFPROPDIFERIDO,4917-BENEFICIODIFERIDOPORDESLIGAMENTO,24-RESIDUOSALDO-BENEFTRIBUT-INFORMADO,2140.84
FOLHADEBENEFICIO,2024-09-30,49,TELEFONICA BRASIL SA,29,BENEFPROPDIFERIDO,4917-BENEFICIODIFERIDOPORDESLIGAMENTO,41-EMPRESTIMO,-32850.09
FOLHADEBENEFICIO,2024-09-30,49,TELEFONICA BRASIL SA,29,BENEFPROPDIFERIDO,4917-BENEFICIODIFERIDOPORDESLIGAMENTO,50-DEPOSITOJUDICIAL,-542.34
FOLHADEBENEFICIO,2024-09-30,49,TELEFONICA BRASIL SA,29,BENEFPROPDIFERIDO,4917-BENEFICIODIFERIDOPORDESLIGAMENTO,573-IMPOSTODERENDA(3540),-46817.81
FOLHADEBENEFICIO,2024-09-30,49,TELEFONICA BRASIL SA,29,BENEFPROPDIFERIDO,4917-BENEFICIODIFERIDOPORDESLIGAMENTO,6-SAQUE,14430.81
FOLHADEBENEFICIO,2024-09-30,49,TELEFONICA BRASIL SA,29,BENEFPROPDIFERIDO,4917-BENEFICIODIFERIDOPORDESLIGAMENTO,72-PENSAOALIMENTICIA,-7732.08
FOLHADEBENEFICIO,2024-09-30,49,TELEFONICA BRASIL SA,29,BENEFPROPDIFERIDO,4917-BENEFICIODIFERIDOPORDESLIGAMENTO,731-IMPOSTODERENDAREGRESSIVA5565,-22158.42
FOLHADEBENEFICIO,2024-09-30,49,TELEFONICA BRASIL SA,29,PENSAOPORMORTE,4906-PENSAOPORMORTEDEATIVO,3-BENEFICIODEPENSAO,157104.49
FOLHADEBENEFICIO,2024-09-30,49,TELEFONICA BRASIL SA,29,PENSAOPORMORTE,4906-PENSAOPORMORTEDEATIVO,41-EMPRESTIMO,-393.01
FOLHADEBENEFICIO,2024-09-30,49,TELEFONICA BRASIL SA,29,PENSAOPORMORTE,4906-PENSAOPORMORTEDEATIVO,5-RETROATIVOBENEFTRIBUT,137.76
FOLHADEBENEFICIO,2024-09-30,49,TELEFONICA BRASIL SA,29,PENSAOPORMORTE,4906-PENSAOPORMORTEDEATIVO,573-IMPOSTODERENDA(3540),-8345.77
FOLHADEBENEFICIO,2024-09-30,49,TELEFONICA BRASIL SA,29,PENSAOPORMORTE,4906-PENSAOPORMORTEDEATIVO,731-IMPOSTODERENDAREGRESSIVA5565,-8892.06
FOLHADEBENEFICIO,2024-09-30,49,TELEFONICA BRASIL SA,29,PENSAOPORMORTE,4916-PENSAOPORMORTEDEINATIVO,3-BENEFICIODEPENSAO,430424.25
FOLHADEBENEFICIO,2024-09-30,49,TELEFONICA BRASIL SA,29,PENSAOPORMORTE,4916-PENSAOPORMORTEDEINATIVO,41-EMPRESTIMO,-13260.1
FOLHADEBENEFICIO,2024-09-30,49,TELEFONICA BRASIL SA,29,PENSAOPORMORTE,4916-PENSAOPORMORTEDEINATIVO,5-RETROATIVOBENEFTRIBUT,970.81
FOLHADEBENEFICIO,2024-09-30,49,TELEFONICA BRASIL SA,29,PENSAOPORMORTE,4916-PENSAOPORMORTEDEINATIVO,573-IMPOSTODERENDA(3540),-29223.05
FOLHADEBENEFICIO,2024-09-30,49,TELEFONICA BRASIL SA,29,PENSAOPORMORTE,4916-PENSAOPORMORTEDEINATIVO,731-IMPOSTODERENDAREGRESSIVA5565,-4931.41
FOLHADEBENEFICIO,2024-09-30,49,TELEFONICA BRASIL SA,30,APOSENTADORIAANTECIPADA,4904-APOSENTADORIAANTECIPADA,1-BENEFICIO,65590.31
FOLHADEBENEFICIO,2024-09-30,49,TELEFONICA BRASIL SA,30,APOSENTADORIAANTECIPADA,4904-APOSENTADORIAANTECIPADA,41-EMPRESTIMO,-4213.7
FOLHADEBENEFICIO,2024-09-30,49,TELEFONICA BRASIL SA,30,APOSENTADORIAANTECIPADA,4904-APOSENTADORIAANTECIPADA,573-IMPOSTODERENDA(3540),-5219.65
FOLHADEBENEFICIO,2024-09-30,49,TELEFONICA BRASIL SA,30,APOSENTADORIAANTECIPADA,4904-APOSENTADORIAANTECIPADA,6-SAQUE,6528.55
FOLHADEBENEFICIO,2024-09-30,49,TELEFONICA BRASIL SA,30,APOSENTADORIAANTECIPADA,4904-APOSENTADORIAANTECIPADA,731-IMPOSTODERENDAREGRESSIVA5565,-1478.43
FOLHADEBENEFICIO,2024-09-30,49,TELEFONICA BRASIL SA,30,APOSENTADORIANORMAL,4903-APOSENTADORIA,1-BENEFICIO,33618.25
FOLHADEBENEFICIO,2024-09-30,49,TELEFONICA BRASIL SA,30,APOSENTADORIANORMAL,4903-APOSENTADORIA,41-EMPRESTIMO,-2406.91
FOLHADEBENEFICIO,2024-09-30,49,TELEFONICA BRASIL SA,30,APOSENTADORIANORMAL,4903-APOSENTADORIA,573-IMPOSTODERENDA(3540),-1901.7
FOLHADEBENEFICIO,2024-09-30,49,TELEFONICA BRASIL SA,30,APOSENTADORIANORMAL,4903-APOSENTADORIA,731-IMPOSTODERENDAREGRESSIVA5565,-462.08
FOLHADEBENEFICIO,2024-09-30,49,TELEFONICA BRASIL SA,30,BENEFPROPDIFERIDO,4917-BENEFICIODIFERIDOPORDESLIGAMENTO,1-BENEFICIO,53511.08
FOLHADEBENEFICIO,2024-09-30,49,TELEFONICA BRASIL SA,30,BENEFPROPDIFERIDO,4917-BENEFICIODIFERIDOPORDESLIGAMENTO,41-EMPRESTIMO,-2048.32
FOLHADEBENEFICIO,2024-09-30,49,TELEFONICA BRASIL SA,30,BENEFPROPDIFERIDO,4917-BENEFICIODIFERIDOPORDESLIGAMENTO,573-IMPOSTODERENDA(3540),-2269.39
FOLHADEBENEFICIO,2024-09-30,49,TELEFONICA BRASIL SA,30,BENEFPROPDIFERIDO,4917-BENEFICIODIFERIDOPORDESLIGAMENTO,6-SAQUE,6193.86
FOLHADEBENEFICIO,2024-09-30,49,TELEFONICA BRASIL SA,30,BENEFPROPDIFERIDO,4917-BENEFICIODIFERIDOPORDESLIGAMENTO,731-IMPOSTODERENDAREGRESSIVA5565,-2976.66
FOLHADEBENEFICIO,2024-09-30,49,TELEFONICA BRASIL SA,30,PENSAOPORMORTE,4906-PENSAOPORMORTEDEATIVO,3-BENEFICIODEPENSAO,866.16
FOLHADEBENEFICIO,2024-09-30,49,TELEFONICA BRASIL SA,30,PENSAOPORMORTE,4916-PENSAOPORMORTEDEINATIVO,3-BENEFICIODEPENSAO,8215.74
FOLHADEBENEFICIO,2024-09-30,49,TELEFONICA BRASIL SA,30,PENSAOPORMORTE,4916-PENSAOPORMORTEDEINATIVO,573-IMPOSTODERENDA(3540),-300.04
FOLHADEBENEFICIO,2024-09-30,49,TELEFONICA BRASIL SA,31,APOSENTADORIAANTECIPADA,4904-APOSENTADORIAANTECIPADA,1-BENEFICIO,262116.15
FOLHADEBENEFICIO,2024-09-30,49,TELEFONICA BRASIL SA,31,APOSENTADORIAANTECIPADA,4904-APOSENTADORIAANTECIPADA,2101-DESCONTOIMPOSTODERENDARESID.EXTERIOR9466,-2296.44
FOLHADEBENEFICIO,2024-09-30,49,TELEFONICA BRASIL SA,31,APOSENTADORIAANTECIPADA,4904-APOSENTADORIAANTECIPADA,41-EMPRESTIMO,-6506.22
FOLHADEBENEFICIO,2024-09-30,49,TELEFONICA BRASIL SA,31,APOSENTADORIAANTECIPADA,4904-APOSENTADORIAANTECIPADA,573-IMPOSTODERENDA(3540),-8066.5
FOLHADEBENEFICIO,2024-09-30,49,TELEFONICA BRASIL SA,31,APOSENTADORIAANTECIPADA,4904-APOSENTADORIAANTECIPADA,72-PENSAOALIMENTICIA,-571.61
FOLHADEBENEFICIO,2024-09-30,49,TELEFONICA BRASIL SA,31,APOSENTADORIAANTECIPADA,4904-APOSENTADORIAANTECIPADA,731-IMPOSTODERENDAREGRESSIVA5565,-5147.39
FOLHADEBENEFICIO,2024-09-30,49,TELEFONICA BRASIL SA,31,APOSENTADORIANORMAL,4903-APOSENTADORIA,1-BENEFICIO,395745.42
FOLHADEBENEFICIO,2024-09-30,49,TELEFONICA BRASIL SA,31,APOSENTADORIANORMAL,4903-APOSENTADORIA,41-EMPRESTIMO,-19196.78
FOLHADEBENEFICIO,2024-09-30,49,TELEFONICA BRASIL SA,31,APOSENTADORIANORMAL,4903-APOSENTADORIA,573-IMPOSTODERENDA(3540),-16438.7
FOLHADEBENEFICIO,2024-09-30,49,TELEFONICA BRASIL SA,31,APOSENTADORIANORMAL,4903-APOSENTADORIA,6-SAQUE,93139.26
FOLHADEBENEFICIO,2024-09-30,49,TELEFONICA BRASIL SA,31,APOSENTADORIANORMAL,4903-APOSENTADORIA,731-IMPOSTODERENDAREGRESSIVA5565,-36301.03
FOLHADEBENEFICIO,2024-09-30,49,TELEFONICA BRASIL SA,31,APOSENTADORIAPORINVALIDEZ,4902-BENEFICIOPORINCAPACIDADEPERMANENTE,1-BENEFICIO,7241.19
FOLHADEBENEFICIO,2024-09-30,49,TELEFONICA BRASIL SA,31,APOSENTADORIAPORINVALIDEZ,4902-BENEFICIOPORINCAPACIDADEPERMANENTE,573-IMPOSTODERENDA(3540),-273.6
FOLHADEBENEFICIO,2024-09-30,49,TELEFONICA BRASIL SA,31,BENEFPROPDIFERIDO,4917-BENEFICIODIFERIDOPORDESLIGAMENTO,1-BENEFICIO,259151.51
FOLHADEBENEFICIO,2024-09-30,49,TELEFONICA BRASIL SA,31,BENEFPROPDIFERIDO,4917-BENEFICIODIFERIDOPORDESLIGAMENTO,2101-DESCONTOIMPOSTODERENDARESID.EXTERIOR9466,-750.39
FOLHADEBENEFICIO,2024-09-30,49,TELEFONICA BRASIL SA,31,BENEFPROPDIFERIDO,4917-BENEFICIODIFERIDOPORDESLIGAMENTO,24-RESIDUOSALDO-BENEFTRIBUT-INFORMADO,7591.93
FOLHADEBENEFICIO,2024-09-30,49,TELEFONICA BRASIL SA,31,BENEFPROPDIFERIDO,4917-BENEFICIODIFERIDOPORDESLIGAMENTO,41-EMPRESTIMO,-9838.72
FOLHADEBENEFICIO,2024-09-30,49,TELEFONICA BRASIL SA,31,BENEFPROPDIFERIDO,4917-BENEFICIODIFERIDOPORDESLIGAMENTO,573-IMPOSTODERENDA(3540),-4697.17
FOLHADEBENEFICIO,2024-09-30,49,TELEFONICA BRASIL SA,31,BENEFPROPDIFERIDO,4917-BENEFICIODIFERIDOPORDESLIGAMENTO,6-SAQUE,219550.46
FOLHADEBENEFICIO,2024-09-30,49,TELEFONICA BRASIL SA,31,BENEFPROPDIFERIDO,4917-BENEFICIODIFERIDOPORDESLIGAMENTO,731-IMPOSTODERENDAREGRESSIVA5565,-39665.5
FOLHADEBENEFICIO,2024-09-30,49,TELEFONICA BRASIL SA,31,PENSAOPORMORTE,4916-PENSAOPORMORTEDEINATIVO,3-BENEFICIODEPENSAO,5057.94
FOLHADEBENEFICIO,2024-09-30,49,TELEFONICA BRASIL SA,31,PENSAOPORMORTE,4916-PENSAOPORMORTEDEINATIVO,573-IMPOSTODERENDA(3540),-85.97
FOLHADEBENEFICIO,2024-09-30,49,"TELEFONICA IOT, BIG DATA E TECNOLOGIA DO BRASIL S.A.",27,APOSENTADORIANORMAL,4903-APOSENTADORIA,1-BENEFICIO,13183.73
FOLHADEBENEFICIO,2024-09-30,49,"TELEFONICA IOT, BIG DATA E TECNOLOGIA DO BRASIL S.A.",27,APOSENTADORIANORMAL,4903-APOSENTADORIA,731-IMPOSTODERENDAREGRESSIVA5565,-1318.37
FOLHADEBENEFICIO,2024-09-30,49,"TELEFONICA IOT, BIG DATA E TECNOLOGIA DO BRASIL S.A.",31,APOSENTADORIANORMAL,4903-APOSENTADORIA,1-BENEFICIO,0.0
FOLHADEBENEFICIO,2024-09-30,49,TELEFONICA SERVICOS EMPRESARIAIS DO BRASIL LTDA,,BENEFPROPDIFERIDO,4917-BENEFICIODIFERIDOPORDESLIGAMENTO,14121-IN1343-DEDUCAOBASETRIBUTAVEL(INFORMATIVO),-2485.37
FOLHADEBENEFICIO,2024-09-30,49,TELEFONICA SERVICOS EMPRESARIAIS DO BRASIL LTDA,,BENEFPROPDIFERIDO,4917-BENEFICIODIFERIDOPORDESLIGAMENTO,14151-IN1343-BAIXAESTOQUEISENTO(INFORMATIVO),2485.37
FOLHADEBENEFICIO,2024-09-30,49,TELEFONICA SERVICOS EMPRESARIAIS DO BRASIL LTDA,27,APOSENTADORIAANTECIPADA,4904-APOSENTADORIAANTECIPADA,1-BENEFICIO,53877.47
FOLHADEBENEFICIO,2024-09-30,49,TELEFONICA SERVICOS EMPRESARIAIS DO BRASIL LTDA,27,APOSENTADORIAANTECIPADA,4904-APOSENTADORIAANTECIPADA,41-EMPRESTIMO,-4931.96
FOLHADEBENEFICIO,2024-09-30,49,TELEFONICA SERVICOS EMPRESARIAIS DO BRASIL LTDA,27,APOSENTADORIAANTECIPADA,4904-APOSENTADORIAANTECIPADA,573-IMPOSTODERENDA(3540),-3138.92
FOLHADEBENEFICIO,2024-09-30,49,TELEFONICA SERVICOS EMPRESARIAIS DO BRASIL LTDA,27,APOSENTADORIAANTECIPADA,4904-APOSENTADORIAANTECIPADA,731-IMPOSTODERENDAREGRESSIVA5565,-708.67
FOLHADEBENEFICIO,2024-09-30,49,TELEFONICA SERVICOS EMPRESARIAIS DO BRASIL LTDA,27,APOSENTADORIANORMAL,4903-APOSENTADORIA,1-BENEFICIO,22317.59
FOLHADEBENEFICIO,2024-09-30,49,TELEFONICA SERVICOS EMPRESARIAIS DO BRASIL LTDA,27,APOSENTADORIANORMAL,4903-APOSENTADORIA,573-IMPOSTODERENDA(3540),-3354.01
FOLHADEBENEFICIO,2024-09-30,49,TELEFONICA SERVICOS EMPRESARIAIS DO BRASIL LTDA,27,APOSENTADORIANORMAL,4903-APOSENTADORIA,731-IMPOSTODERENDAREGRESSIVA5565,-629.82
FOLHADEBENEFICIO,2024-09-30,49,TELEFONICA SERVICOS EMPRESARIAIS DO BRASIL LTDA,27,BENEFPROPDIFERIDO,4917-BENEFICIODIFERIDOPORDESLIGAMENTO,1-BENEFICIO,18326.36
FOLHADEBENEFICIO,2024-09-30,49,TELEFONICA SERVICOS EMPRESARIAIS DO BRASIL LTDA,27,BENEFPROPDIFERIDO,4917-BENEFICIODIFERIDOPORDESLIGAMENTO,573-IMPOSTODERENDA(3540),-1387.28
FOLHADEBENEFICIO,2024-09-30,49,TELEFONICA SERVICOS EMPRESARIAIS DO BRASIL LTDA,27,BENEFPROPDIFERIDO,4917-BENEFICIODIFERIDOPORDESLIGAMENTO,731-IMPOSTODERENDAREGRESSIVA5565,-265.48
FOLHADEBENEFICIO,2024-09-30,49,TELEFONICA SERVICOS EMPRESARIAIS DO BRASIL LTDA,27,PENSAOPORMORTE,4916-PENSAOPORMORTEDEINATIVO,3-BENEFICIODEPENSAO,4951.2
FOLHADEBENEFICIO,2024-09-30,49,TELEFONICA SERVICOS EMPRESARIAIS DO BRASIL LTDA,27,PENSAOPORMORTE,4916-PENSAOPORMORTEDEINATIVO,573-IMPOSTODERENDA(3540),-20.4
FOLHADEBENEFICIO,2024-09-30,49,TELEFONICA SERVICOS EMPRESARIAIS DO BRASIL LTDA,28,APOSENTADORIAANTECIPADA,4904-APOSENTADORIAANTECIPADA,1-BENEFICIO,254597.85
FOLHADEBENEFICIO,2024-09-30,49,TELEFONICA SERVICOS EMPRESARIAIS DO BRASIL LTDA,28,APOSENTADORIAANTECIPADA,4904-APOSENTADORIAANTECIPADA,41-EMPRESTIMO,-6162.79
FOLHADEBENEFICIO,2024-09-30,49,TELEFONICA SERVICOS EMPRESARIAIS DO BRASIL LTDA,28,APOSENTADORIAANTECIPADA,4904-APOSENTADORIAANTECIPADA,573-IMPOSTODERENDA(3540),-9920.96
FOLHADEBENEFICIO,2024-09-30,49,TELEFONICA SERVICOS EMPRESARIAIS DO BRASIL LTDA,28,APOSENTADORIAANTECIPADA,4904-APOSENTADORIAANTECIPADA,731-IMPOSTODERENDAREGRESSIVA5565,-2832.37
FOLHADEBENEFICIO,2024-09-30,49,TELEFONICA SERVICOS EMPRESARIAIS DO BRASIL LTDA,28,APOSENTADORIANORMAL,4903-APOSENTADORIA,1-BENEFICIO,10778.51
FOLHADEBENEFICIO,2024-09-30,49,TELEFONICA SERVICOS EMPRESARIAIS DO BRASIL LTDA,28,APOSENTADORIANORMAL,4903-APOSENTADORIA,41-EMPRESTIMO,-418.51
FOLHADEBENEFICIO,2024-09-30,49,TELEFONICA SERVICOS EMPRESARIAIS DO BRASIL LTDA,28,APOSENTADORIAPOSTERGADA,4905-APOSENTADORIAPOSTERGADA,1-BENEFICIO,12788.2
FOLHADEBENEFICIO,2024-09-30,49,TELEFONICA SERVICOS EMPRESARIAIS DO BRASIL LTDA,28,APOSENTADORIAPOSTERGADA,4905-APOSENTADORIAPOSTERGADA,573-IMPOSTODERENDA(3540),-411.31
FOLHADEBENEFICIO,2024-09-30,49,TELEFONICA SERVICOS EMPRESARIAIS DO BRASIL LTDA,28,BENEFPROPDIFERIDO,4917-BENEFICIODIFERIDOPORDESLIGAMENTO,1-BENEFICIO,93267.34
FOLHADEBENEFICIO,2024-09-30,49,TELEFONICA SERVICOS EMPRESARIAIS DO BRASIL LTDA,28,BENEFPROPDIFERIDO,4917-BENEFICIODIFERIDOPORDESLIGAMENTO,41-EMPRESTIMO,-4505.81
FOLHADEBENEFICIO,2024-09-30,49,TELEFONICA SERVICOS EMPRESARIAIS DO BRASIL LTDA,28,BENEFPROPDIFERIDO,4917-BENEFICIODIFERIDOPORDESLIGAMENTO,573-IMPOSTODERENDA(3540),-5017.68
FOLHADEBENEFICIO,2024-09-30,49,TELEFONICA SERVICOS EMPRESARIAIS DO BRASIL LTDA,28,PENSAOPORMORTE,4916-PENSAOPORMORTEDEINATIVO,3-BENEFICIODEPENSAO,24460.52
FOLHADEBENEFICIO,2024-09-30,49,TELEFONICA SERVICOS EMPRESARIAIS DO BRASIL LTDA,28,PENSAOPORMORTE,4916-PENSAOPORMORTEDEINATIVO,573-IMPOSTODERENDA(3540),-2139.45
FOLHADEBENEFICIO,2024-09-30,49,TELEFONICA SERVICOS EMPRESARIAIS DO BRASIL LTDA,29,APOSENTADORIAANTECIPADA,4904-APOSENTADORIAANTECIPADA,1-BENEFICIO,265617.47
FOLHADEBENEFICIO,2024-09-30,49,TELEFONICA SERVICOS EMPRESARIAIS DO BRASIL LTDA,29,APOSENTADORIAANTECIPADA,4904-APOSENTADORIAANTECIPADA,12-BENEFICIOISENTA,115.71
FOLHADEBENEFICIO,2024-09-30,49,TELEFONICA SERVICOS EMPRESARIAIS DO BRASIL LTDA,29,APOSENTADORIAANTECIPADA,4904-APOSENTADORIAANTECIPADA,41-EMPRESTIMO,-11144.64
FOLHADEBENEFICIO,2024-09-30,49,TELEFONICA SERVICOS EMPRESARIAIS DO BRASIL LTDA,29,APOSENTADORIAANTECIPADA,4904-APOSENTADORIAANTECIPADA,573-IMPOSTODERENDA(3540),-22552.86
FOLHADEBENEFICIO,2024-09-30,49,TELEFONICA SERVICOS EMPRESARIAIS DO BRASIL LTDA,29,APOSENTADORIAANTECIPADA,4904-APOSENTADORIAANTECIPADA,6-SAQUE,16957.21
FOLHADEBENEFICIO,2024-09-30,49,TELEFONICA SERVICOS EMPRESARIAIS DO BRASIL LTDA,29,APOSENTADORIAANTECIPADA,4904-APOSENTADORIAANTECIPADA,731-IMPOSTODERENDAREGRESSIVA5565,-4243.68
FOLHADEBENEFICIO,2024-09-30,49,TELEFONICA SERVICOS EMPRESARIAIS DO BRASIL LTDA,29,APOSENTADORIANORMAL,4903-APOSENTADORIA,1-BENEFICIO,104000.09
FOLHADEBENEFICIO,2024-09-30,49,TELEFONICA SERVICOS EMPRESARIAIS DO BRASIL LTDA,29,APOSENTADORIANORMAL,4903-APOSENTADORIA,573-IMPOSTODERENDA(3540),-3339.54
FOLHADEBENEFICIO,2024-09-30,49,TELEFONICA SERVICOS EMPRESARIAIS DO BRASIL LTDA,29,APOSENTADORIANORMAL,4903-APOSENTADORIA,731-IMPOSTODERENDAREGRESSIVA5565,-8421.03
FOLHADEBENEFICIO,2024-09-30,49,TELEFONICA SERVICOS EMPRESARIAIS DO BRASIL LTDA,29,BENEFPROPDIFERIDO,4917-BENEFICIODIFERIDOPORDESLIGAMENTO,1-BENEFICIO,52276.99
FOLHADEBENEFICIO,2024-09-30,49,TELEFONICA SERVICOS EMPRESARIAIS DO BRASIL LTDA,29,BENEFPROPDIFERIDO,4917-BENEFICIODIFERIDOPORDESLIGAMENTO,12-BENEFICIOISENTA,86.12
FOLHADEBENEFICIO,2024-09-30,49,TELEFONICA SERVICOS EMPRESARIAIS DO BRASIL LTDA,29,BENEFPROPDIFERIDO,4917-BENEFICIODIFERIDOPORDESLIGAMENTO,41-EMPRESTIMO,-1137.18
FOLHADEBENEFICIO,2024-09-30,49,TELEFONICA SERVICOS EMPRESARIAIS DO BRASIL LTDA,29,BENEFPROPDIFERIDO,4917-BENEFICIODIFERIDOPORDESLIGAMENTO,573-IMPOSTODERENDA(3540),-1044.44
FOLHADEBENEFICIO,2024-09-30,49,TELEFONICA SERVICOS EMPRESARIAIS DO BRASIL LTDA,29,BENEFPROPDIFERIDO,4917-BENEFICIODIFERIDOPORDESLIGAMENTO,731-IMPOSTODERENDAREGRESSIVA5565,-78.05
FOLHADEBENEFICIO,2024-09-30,49,TELEFONICA SERVICOS EMPRESARIAIS DO BRASIL LTDA,29,PENSAOPORMORTE,4916-PENSAOPORMORTEDEINATIVO,3-BENEFICIODEPENSAO,29959.21
FOLHADEBENEFICIO,2024-09-30,49,TELEFONICA SERVICOS EMPRESARIAIS DO BRASIL LTDA,29,PENSAOPORMORTE,4916-PENSAOPORMORTEDEINATIVO,573-IMPOSTODERENDA(3540),-225.58
FOLHADEBENEFICIO,2024-09-30,49,TELEFONICA SERVICOS EMPRESARIAIS DO BRASIL LTDA,29,PENSAOPORMORTE,4916-PENSAOPORMORTEDEINATIVO,731-IMPOSTODERENDAREGRESSIVA5565,-1106.38
FOLHADEBENEFICIO,2024-09-30,49,TELEFONICA SERVICOS EMPRESARIAIS DO BRASIL LTDA,30,APOSENTADORIAANTECIPADA,4904-APOSENTADORIAANTECIPADA,1-BENEFICIO,3620.68
FOLHADEBENEFICIO,2024-09-30,49,TELEFONICA SERVICOS EMPRESARIAIS DO BRASIL LTDA,30,APOSENTADORIAANTECIPADA,4904-APOSENTADORIAANTECIPADA,573-IMPOSTODERENDA(3540),-76.94
FOLHADEBENEFICIO,2024-09-30,49,TELEFONICA SERVICOS EMPRESARIAIS DO BRASIL LTDA,30,BENEFPROPDIFERIDO,4917-BENEFICIODIFERIDOPORDESLIGAMENTO,1-BENEFICIO,2818.61
FOLHADEBENEFICIO,2024-09-30,49,TELEFONICA SERVICOS EMPRESARIAIS DO BRASIL LTDA,30,BENEFPROPDIFERIDO,4917-BENEFICIODIFERIDOPORDESLIGAMENTO,731-IMPOSTODERENDAREGRESSIVA5565,-147.99
FOLHADEBENEFICIO,2024-09-30,49,TELEFONICA SERVICOS EMPRESARIAIS DO BRASIL LTDA,31,APOSENTADORIAANTECIPADA,4904-APOSENTADORIAANTECIPADA,1-BENEFICIO,19199.39
FOLHADEBENEFICIO,2024-09-30,49,TELEFONICA SERVICOS EMPRESARIAIS DO BRASIL LTDA,31,APOSENTADORIAANTECIPADA,4904-APOSENTADORIAANTECIPADA,41-EMPRESTIMO,-335.45
FOLHADEBENEFICIO,2024-09-30,49,TELEFONICA SERVICOS EMPRESARIAIS DO BRASIL LTDA,31,APOSENTADORIAANTECIPADA,4904-APOSENTADORIAANTECIPADA,573-IMPOSTODERENDA(3540),-1002.59
FOLHADEBENEFICIO,2024-09-30,49,TELEFONICA SERVICOS EMPRESARIAIS DO BRASIL LTDA,31,BENEFPROPDIFERIDO,4917-BENEFICIODIFERIDOPORDESLIGAMENTO,1-BENEFICIO,29938.43
FOLHADEBENEFICIO,2024-09-30,49,TELEFONICA SERVICOS EMPRESARIAIS DO BRASIL LTDA,31,BENEFPROPDIFERIDO,4917-BENEFICIODIFERIDOPORDESLIGAMENTO,141-BENEFICIOPAGTOUNICOASSISTIDOTRIBUTAVEL-INFORMADO,45728.16
FOLHADEBENEFICIO,2024-09-30,49,TELEFONICA SERVICOS EMPRESARIAIS DO BRASIL LTDA,31,BENEFPROPDIFERIDO,4917-BENEFICIODIFERIDOPORDESLIGAMENTO,573-IMPOSTODERENDA(3540),-40.0
FOLHADEBENEFICIO,2024-09-30,49,TELEFONICA SERVICOS EMPRESARIAIS DO BRASIL LTDA,31,BENEFPROPDIFERIDO,4917-BENEFICIODIFERIDOPORDESLIGAMENTO,731-IMPOSTODERENDAREGRESSIVA5565,-7040.53
FOLHADEBENEFICIO,2024-09-30,49,TELEFONICA TRANSPORTES E LOGISTICA LTDA,27,APOSENTADORIAANTECIPADA,4904-APOSENTADORIAANTECIPADA,1-BENEFICIO,9786.95
FOLHADEBENEFICIO,2024-09-30,49,TELEFONICA TRANSPORTES E LOGISTICA LTDA,27,APOSENTADORIAANTECIPADA,4904-APOSENTADORIAANTECIPADA,41-EMPRESTIMO,-1027.59
FOLHADEBENEFICIO,2024-09-30,49,TELEFONICA TRANSPORTES E LOGISTICA LTDA,27,APOSENTADORIAANTECIPADA,4904-APOSENTADORIAANTECIPADA,573-IMPOSTODERENDA(3540),-698.44
FOLHADEBENEFICIO,2024-09-30,49,TELEFONICA TRANSPORTES E LOGISTICA LTDA,27,APOSENTADORIANORMAL,4903-APOSENTADORIA,1-BENEFICIO,2968.5
FOLHADEBENEFICIO,2024-09-30,49,TELEFONICA TRANSPORTES E LOGISTICA LTDA,27,PENSAOPORMORTE,4916-PENSAOPORMORTEDEINATIVO,3-BENEFICIODEPENSAO,3136.46
FOLHADEBENEFICIO,2024-09-30,49,TELEFONICA TRANSPORTES E LOGISTICA LTDA,28,APOSENTADORIAANTECIPADA,4904-APOSENTADORIAANTECIPADA,1-BENEFICIO,9583.28
FOLHADEBENEFICIO,2024-09-30,49,TELEFONICA TRANSPORTES E LOGISTICA LTDA,28,APOSENTADORIAANTECIPADA,4904-APOSENTADORIAANTECIPADA,573-IMPOSTODERENDA(3540),-560.89
FOLHADEBENEFICIO,2024-09-30,49,TELEFONICA TRANSPORTES E LOGISTICA LTDA,28,APOSENTADORIANORMAL,4903-APOSENTADORIA,1-BENEFICIO,14650.36
FOLHADEBENEFICIO,2024-09-30,49,TELEFONICA TRANSPORTES E LOGISTICA LTDA,28,APOSENTADORIANORMAL,4903-APOSENTADORIA,141-BENEFICIOPAGTOUNICOASSISTIDOTRIBUTAVEL-INFORMADO,174705.14
FOLHADEBENEFICIO,2024-09-30,49,TELEFONICA TRANSPORTES E LOGISTICA LTDA,28,APOSENTADORIANORMAL,4903-APOSENTADORIA,41-EMPRESTIMO,-314.17
FOLHADEBENEFICIO,2024-09-30,49,TELEFONICA TRANSPORTES E LOGISTICA LTDA,28,APOSENTADORIANORMAL,4903-APOSENTADORIA,573-IMPOSTODERENDA(3540),-3547.67
FOLHADEBENEFICIO,2024-09-30,49,TELEFONICA TRANSPORTES E LOGISTICA LTDA,28,APOSENTADORIANORMAL,4903-APOSENTADORIA,6-SAQUE,6191.08
FOLHADEBENEFICIO,2024-09-30,49,TELEFONICA TRANSPORTES E LOGISTICA LTDA,28,APOSENTADORIANORMAL,4903-APOSENTADORIA,731-IMPOSTODERENDAREGRESSIVA5565,-36661.5
FOLHADEBENEFICIO,2024-09-30,49,TELEFONICA TRANSPORTES E LOGISTICA LTDA,28,BENEFPROPDIFERIDO,4917-BENEFICIODIFERIDOPORDESLIGAMENTO,1-BENEFICIO,10658.64
FOLHADEBENEFICIO,2024-09-30,49,TELEFONICA TRANSPORTES E LOGISTICA LTDA,28,BENEFPROPDIFERIDO,4917-BENEFICIODIFERIDOPORDESLIGAMENTO,573-IMPOSTODERENDA(3540),-345.93
FOLHADEBENEFICIO,2024-09-30,49,TELEFONICA TRANSPORTES E LOGISTICA LTDA,29,BENEFPROPDIFERIDO,4917-BENEFICIODIFERIDOPORDESLIGAMENTO,1-BENEFICIO,2427.55
FOLHADEBENEFICIO,2024-09-30,49,TELEFONICA TRANSPORTES E LOGISTICA LTDA,29,BENEFPROPDIFERIDO,4917-BENEFICIODIFERIDOPORDESLIGAMENTO,731-IMPOSTODERENDAREGRESSIVA5565,-242.75
FOLHADEBENEFICIO,2024-09-30,49,VISAO PREV - RETIRADA,28,APOSENTADORIANORMAL,4903-APOSENTADORIA,1-BENEFICIO,18055.35
FOLHADEBENEFICIO,2024-09-30,49,VISAO PREV - RETIRADA,28,APOSENTADORIANORMAL,4903-APOSENTADORIA,731-IMPOSTODERENDAREGRESSIVA5565,-1805.54
FOLHADEBENEFICIO,2024-09-30,49,VISAO PREV - RETIRADA,28,BENEFPROPDIFERIDO,4917-BENEFICIODIFERIDOPORDESLIGAMENTO,1-BENEFICIO,0.0
FOLHADEBENEFICIO,2024-09-30,49,VISAO PREV - RETIRADA,29,APOSENTADORIANORMAL,4903-APOSENTADORIA,1-BENEFICIO,0.0
FOLHADEBENEFICIO,2024-09-30,49,VISAO PREV SOCIEDADE DE PREVIDENCIA COMPLEMENTAR,28,APOSENTADORIANORMAL,4903-APOSENTADORIA,1-BENEFICIO,0.0
FOLHADEBENEFICIO,2024-09-30,49,VISAO PREV SOCIEDADE DE PREVIDENCIA COMPLEMENTAR,29,APOSENTADORIANORMAL,4903-APOSENTADORIA,1-BENEFICIO,17497.02
FOLHADEBENEFICIO,2024-09-30,49,VISAO PREV SOCIEDADE DE PREVIDENCIA COMPLEMENTAR,29,APOSENTADORIANORMAL,4903-APOSENTADORIA,731-IMPOSTODERENDAREGRESSIVA5565,-1749.7
FOLHADEBENEFICIO,2024-09-30,49,VISAO PREV SOCIEDADE DE PREVIDENCIA COMPLEMENTAR,31,BENEFPROPDIFERIDO,4917-BENEFICIODIFERIDOPORDESLIGAMENTO,1-BENEFICIO,6131.31
FOLHADEBENEFICIO,2024-09-30,49,VITA IT COMÉRCIO E SERVIÇOS DE SOLUÇOES EM TI LTDA,27,APOSENTADORIANORMAL,4903-APOSENTADORIA,1-BENEFICIO,3127.03
FOLHADEBENEFICIO,2024-09-30,49,VITA IT COMÉRCIO E SERVIÇOS DE SOLUÇOES EM TI LTDA,27,APOSENTADORIANORMAL,4903-APOSENTADORIA,41-EMPRESTIMO,-1046.62
FOLHADEBENEFICIO,2024-09-30,49,VITA IT COMÉRCIO E SERVIÇOS DE SOLUÇOES EM TI LTDA,27,APOSENTADORIANORMAL,4903-APOSENTADORIA,573-IMPOSTODERENDA(3540),-22.73
FOLHADEBENEFICIOAVULSA,2024-09-17,8,TELEFONICA BRASIL SA,24,RESGATEDECONTRIBUICAO,78-DEVOLUCAODECONTRIBUICOES,100-RESGATEPAGTOUNICOTRIBUTAVEL,27039.64
FOLHADEBENEFICIOAVULSA,2024-09-17,8,TELEFONICA BRASIL SA,24,RESGATEDECONTRIBUICAO,78-DEVOLUCAODECONTRIBUICOES,1231-IMPOSTODERENDAREGRESSIVA(3579),-6380.86
FOLHADEBENEFICIOAVULSA,2024-09-17,8,TELEFONICA BRASIL SA,24,RESGATEDECONTRIBUICAO,78-DEVOLUCAODECONTRIBUICOES,60-DESCONTOADIANTAMENTORESGATES/LIQUIDO-INFORMADO,-20658.78
FOLHADEBENEFICIOAVULSA,2024-09-27,52,MAIS VISAO,33,RESGATEDECONTRIBUICAO,5207-RESGATE,11-RESGATEPAGTOUNICOTRIBUT-INFORMADO,400.01
FOLHADEBENEFICIOAVULSA,2024-09-27,52,MAIS VISAO,33,RESGATEDECONTRIBUICAO,5207-RESGATE,1231-IMPOSTODERENDAREGRESSIVA(3579),-70.0
FOLHADEBENEFICIOAVULSA,2024-09-27,52,MAIS VISAO,33,RESGATEDECONTRIBUICAO,5207-RESGATE,70-IMPOSTODERENDARESGATE3223,-30.0
FOLHADEBENEFICIOAVULSA,2024-09-27,52,MAIS VISAO,34,RESGATEDECONTRIBUICAO,5207-RESGATE,11-RESGATEPAGTOUNICOTRIBUT-INFORMADO,108.79
FOLHADEBENEFICIOAVULSA,2024-09-27,52,MAIS VISAO,34,RESGATEDECONTRIBUICAO,5207-RESGATE,1231-IMPOSTODERENDAREGRESSIVA(3579),-38.08
FOLHADEBENEFICIOAVULSA,2024-09-27,8,TELEFONICA BRASIL SA,22,RESGATEDECONTRIBUICAO,78-DEVOLUCAODECONTRIBUICOES,100-RESGATEPAGTOUNICOTRIBUTAVEL,38.78
FOLHADEBENEFICIOAVULSA,2024-09-27,8,TELEFONICA BRASIL SA,22,RESGATEDECONTRIBUICAO,78-DEVOLUCAODECONTRIBUICOES,70-IMPOSTODERENDARESGATE3223,-5.82
FOLHADEBENEFICIOAVULSA,2024-09-27,8,TELEFONICA BRASIL SA,23,PORTABILIDADEENTIDADEABERTA,814-TRANSFERENCIA,651-PORTABILIDADEP/ENTIDADEFECHADA,13674.23
FOLHADEBENEFICIOAVULSA,2024-09-27,8,TELEFONICA BRASIL SA,23,RESGATEDECONTRIBUICAO,78-DEVOLUCAODECONTRIBUICOES,100-RESGATEPAGTOUNICOTRIBUTAVEL,696.57
FOLHADEBENEFICIOAVULSA,2024-09-27,8,TELEFONICA BRASIL SA,23,RESGATEDECONTRIBUICAO,78-DEVOLUCAODECONTRIBUICOES,11-RESGATEPAGTOUNICOTRIBUT-INFORMADO,33.34
FOLHADEBENEFICIOAVULSA,2024-09-27,8,TELEFONICA BRASIL SA,23,RESGATEDECONTRIBUICAO,78-DEVOLUCAODECONTRIBUICOES,1231-IMPOSTODERENDAREGRESSIVA(3579),-104.26
FOLHADEBENEFICIOAVULSA,2024-09-27,8,TELEFONICA BRASIL SA,23,RESGATEDECONTRIBUICAO,78-DEVOLUCAODECONTRIBUICOES,70-IMPOSTODERENDARESGATE3223,-64.8
FOLHADEBENEFICIOAVULSA,2024-09-27,8,TELEFONICA BRASIL SA,24,RESGATEDECONTRIBUICAO,78-DEVOLUCAODECONTRIBUICOES,100-RESGATEPAGTOUNICOTRIBUTAVEL,836.72
FOLHADEBENEFICIOAVULSA,2024-09-27,8,TELEFONICA BRASIL SA,24,RESGATEDECONTRIBUICAO,78-DEVOLUCAODECONTRIBUICOES,11-RESGATEPAGTOUNICOTRIBUT-INFORMADO,32.6
FOLHADEBENEFICIOAVULSA,2024-09-27,8,TELEFONICA BRASIL SA,24,RESGATEDECONTRIBUICAO,78-DEVOLUCAODECONTRIBUICOES,1231-IMPOSTODERENDAREGRESSIVA(3579),-29.62
FOLHADEBENEFICIOAVULSA,2024-09-27,8,TELEFONICA BRASIL SA,24,RESGATEDECONTRIBUICAO,78-DEVOLUCAODECONTRIBUICOES,45-QUITACAODEEMPRESTIMO,0.0
FOLHADEBENEFICIOAVULSA,2024-09-27,8,TELEFONICA BRASIL SA,24,RESGATEDECONTRIBUICAO,78-DEVOLUCAODECONTRIBUICOES,70-IMPOSTODERENDARESGATE3223,-117.71
FOLHADEBENEFICIOAVULSA,2024-09-27,8,TELEFONICA BRASIL SA,26,PORTABILIDADEENTIDADEABERTA,814-TRANSFERENCIA,651-PORTABILIDADEP/ENTIDADEFECHADA,55114.79
FOLHADEBENEFICIOAVULSA,2024-09-27,8,TELEFONICA BRASIL SA,26,RESGATEDECONTRIBUICAO,78-DEVOLUCAODECONTRIBUICOES,100-RESGATEPAGTOUNICOTRIBUTAVEL,901.0
FOLHADEBENEFICIOAVULSA,2024-09-27,8,TELEFONICA BRASIL SA,26,RESGATEDECONTRIBUICAO,78-DEVOLUCAODECONTRIBUICOES,70-IMPOSTODERENDARESGATE3223,-135.15
FOLHADEBENEFICIOAVULSA,2024-09-27,8,"TELEFONICA IOT, BIG DATA E TECNOLOGIA DO BRASIL S.A.",26,PORTABILIDADEENTIDADEABERTA,814-TRANSFERENCIA,1481-DIFERENCADEPORTABILIDADEABERTA-INFORMADO,394.22
FOLHADEBENEFICIOAVULSA,2024-09-27,8,TERRA NETWORKS BRASIL S/A,22,RESGATEDECONTRIBUICAO,78-DEVOLUCAODECONTRIBUICOES,100-RESGATEPAGTOUNICOTRIBUTAVEL,163.31
FOLHADEBENEFICIOAVULSA,2024-09-27,8,TERRA NETWORKS BRASIL S/A,22,RESGATEDECONTRIBUICAO,78-DEVOLUCAODECONTRIBUICOES,1231-IMPOSTODERENDAREGRESSIVA(3579),-57.16
FOLHADEBENEFICIOAVULSA,2024-09-27,49,TELEFONICA BRASIL SA,28,RESGATEDECONTRIBUICAO,4907-DEVOLUCAODECONTRIBUICOES,100-RESGATEPAGTOUNICOTRIBUTAVEL,510.51
FOLHADEBENEFICIOAVULSA,2024-09-27,49,TELEFONICA BRASIL SA,28,RESGATEDECONTRIBUICAO,4907-DEVOLUCAODECONTRIBUICOES,1231-IMPOSTODERENDAREGRESSIVA(3579),-176.24
FOLHADEBENEFICIOAVULSA,2024-09-27,49,TELEFONICA BRASIL SA,28,RESGATEDECONTRIBUICAO,4907-DEVOLUCAODECONTRIBUICOES,70-IMPOSTODERENDARESGATE3223,-1.05
FOLHADEBENEFICIOAVULSA,2024-09-27,49,TELEFONICA BRASIL SA,29,PORTABILIDADEENTIDADEABERTA,4936-TRANSFERENCIA,651-PORTABILIDADEP/ENTIDADEFECHADA,200079.08
FOLHADEBENEFICIOAVULSA,2024-09-27,49,TELEFONICA BRASIL SA,29,RESGATEDECONTRIBUICAO,4907-DEVOLUCAODECONTRIBUICOES,100-RESGATEPAGTOUNICOTRIBUTAVEL,534.18
FOLHADEBENEFICIOAVULSA,2024-09-27,49,TELEFONICA BRASIL SA,29,RESGATEDECONTRIBUICAO,4907-DEVOLUCAODECONTRIBUICOES,1231-IMPOSTODERENDAREGRESSIVA(3579),-49.74
FOLHADEBENEFICIOAVULSA,2024-09-27,49,TELEFONICA BRASIL SA,29,RESGATEDECONTRIBUICAO,4907-DEVOLUCAODECONTRIBUICOES,70-IMPOSTODERENDARESGATE3223,-58.81
FOLHADEBENEFICIOAVULSA,2024-09-27,49,TELEFONICA BRASIL SA,31,PORTABILIDADEENTIDADEABERTA,4936-TRANSFERENCIA,651-PORTABILIDADEP/ENTIDADEFECHADA,350605.78
FOLHADEBENEFICIOAVULSA,2024-09-27,49,VISAO PREV - RETIRADA,28,PORTABILIDADEENTIDADEABERTA,4936-TRANSFERENCIA,1481-DIFERENCADEPORTABILIDADEABERTA-INFORMADO,4150.53
FOLHADEBENEFICIOAVULSA,2024-09-30,52,MAIS VISAO,32,APOSENTADORIANORMAL,5201-BENEFICIODERENDAMENSAL,1-BENEFICIO,2845.78
FOLHADEBENEFICIOAVULSA,2024-09-30,52,MAIS VISAO,32,APOSENTADORIANORMAL,5201-BENEFICIODERENDAMENSAL,6-SAQUE,274575.06
FOLHADEBENEFICIOAVULSA,2024-09-30,52,MAIS VISAO,32,APOSENTADORIANORMAL,5201-BENEFICIODERENDAMENSAL,731-IMPOSTODERENDAREGRESSIVA5565,-38464.67
FOLHADEBENEFICIOAVULSA,2024-09-30,51,TELEFONICA BRASIL SA,21,PENSAOPORMORTE,5106-PENSAOPORMORTE-ASSISTIDO,3-BENEFICIODEPENSAO,16189.86
FOLHADEBENEFICIOAVULSA,2024-09-30,51,TELEFONICA BRASIL SA,21,PENSAOPORMORTE,5106-PENSAOPORMORTE-ASSISTIDO,731-IMPOSTODERENDAREGRESSIVA5565,-1618.99
FOLHADEBENEFICIOAVULSA,2024-09-30,8,TELEFONICA BRASIL SA,22,APOSENTADORIANORMAL,803-APOSENTADORIA,1-BENEFICIO,1747.97
FOLHADEBENEFICIOAVULSA,2024-09-30,8,TELEFONICA BRASIL SA,22,APOSENTADORIANORMAL,803-APOSENTADORIA,110-BENEFICIOPAGTOUNICOTRIBUT,140713.73
FOLHADEBENEFICIOAVULSA,2024-09-30,8,TELEFONICA BRASIL SA,22,APOSENTADORIANORMAL,803-APOSENTADORIA,731-IMPOSTODERENDAREGRESSIVA5565,-25798.98
FOLHADEBENEFICIOAVULSA,2024-09-30,8,TELEFONICA BRASIL SA,23,APOSENTADORIANORMAL,803-APOSENTADORIA,110-BENEFICIOPAGTOUNICOTRIBUT,51569.31
FOLHADEBENEFICIOAVULSA,2024-09-30,8,TELEFONICA BRASIL SA,23,APOSENTADORIANORMAL,803-APOSENTADORIA,45-QUITACAODEEMPRESTIMO,-5383.05
FOLHADEBENEFICIOAVULSA,2024-09-30,8,TELEFONICA BRASIL SA,23,APOSENTADORIANORMAL,803-APOSENTADORIA,731-IMPOSTODERENDAREGRESSIVA5565,-12461.38
FOLHADEBENEFICIOAVULSA,2024-09-30,8,TELEFONICA BRASIL SA,24,APOSENTADORIANORMAL,803-APOSENTADORIA,1-BENEFICIO,0.0
FOLHADEBENEFICIOAVULSA,2024-09-30,8,TELEFONICA BRASIL SA,24,APOSENTADORIANORMAL,803-APOSENTADORIA,6-SAQUE,340988.87
FOLHADEBENEFICIOAVULSA,2024-09-30,8,TELEFONICA BRASIL SA,24,APOSENTADORIANORMAL,803-APOSENTADORIA,731-IMPOSTODERENDAREGRESSIVA5565,-34098.89
FOLHADEBENEFICIOAVULSA,2024-09-30,49,FUNDACAO TELEFONICA,27,APOSENTADORIANORMAL,4903-APOSENTADORIA,1-BENEFICIO,5454.35
FOLHADEBENEFICIOAVULSA,2024-09-30,49,FUNDACAO TELEFONICA,27,APOSENTADORIANORMAL,4903-APOSENTADORIA,731-IMPOSTODERENDAREGRESSIVA5565,-545.43
FOLHADEBENEFICIOAVULSA,2024-09-30,49,TELEFONICA BRASIL SA,,APOSENTADORIANORMAL,4903-APOSENTADORIA,14122-IN1343-DEDUCAOBASETRIBUTAVELREGR.(INFORMATIVO),-176722.08
FOLHADEBENEFICIOAVULSA,2024-09-30,49,TELEFONICA BRASIL SA,,APOSENTADORIANORMAL,4903-APOSENTADORIA,14152-IN1343-BAIXAESTOQUEISENTOREGR.(INFORMATIVO),176722.08
FOLHADEBENEFICIOAVULSA,2024-09-30,49,TELEFONICA BRASIL SA,27,APOSENTADORIANORMAL,4903-APOSENTADORIA,1-BENEFICIO,28035.82
FOLHADEBENEFICIOAVULSA,2024-09-30,49,TELEFONICA BRASIL SA,27,APOSENTADORIANORMAL,4903-APOSENTADORIA,41-EMPRESTIMO,-17706.25
FOLHADEBENEFICIOAVULSA,2024-09-30,49,TELEFONICA BRASIL SA,27,APOSENTADORIANORMAL,4903-APOSENTADORIA,6-SAQUE,475393.34
FOLHADEBENEFICIOAVULSA,2024-09-30,49,TELEFONICA BRASIL SA,27,APOSENTADORIANORMAL,4903-APOSENTADORIA,731-IMPOSTODERENDAREGRESSIVA5565,-46122.1
FOLHADEBENEFICIOAVULSA,2024-09-30,49,TELEFONICA BRASIL SA,28,APOSENTADORIANORMAL,4903-APOSENTADORIA,1-BENEFICIO,6269.34
FOLHADEBENEFICIOAVULSA,2024-09-30,49,TELEFONICA BRASIL SA,28,APOSENTADORIANORMAL,4903-APOSENTADORIA,6-SAQUE,447810.13
FOLHADEBENEFICIOAVULSA,2024-09-30,49,TELEFONICA BRASIL SA,28,APOSENTADORIANORMAL,4903-APOSENTADORIA,731-IMPOSTODERENDAREGRESSIVA5565,-45407.95
FOLHADEBENEFICIOAVULSA,2024-09-30,49,TELEFONICA BRASIL SA,28,PENSAOPORMORTE,4916-PENSAOPORMORTEDEINATIVO,3-BENEFICIODEPENSAO,10850.13
FOLHADEBENEFICIOAVULSA,2024-09-30,49,TELEFONICA BRASIL SA,28,PENSAOPORMORTE,4916-PENSAOPORMORTEDEINATIVO,731-IMPOSTODERENDAREGRESSIVA5565,-1085.01
FOLHADEBENEFICIOAVULSA,2024-09-30,49,TELEFONICA BRASIL SA,29,APOSENTADORIANORMAL,4903-APOSENTADORIA,1-BENEFICIO,108832.03
FOLHADEBENEFICIOAVULSA,2024-09-30,49,TELEFONICA BRASIL SA,29,APOSENTADORIANORMAL,4903-APOSENTADORIA,6-SAQUE,2975696.44
FOLHADEBENEFICIOAVULSA,2024-09-30,49,TELEFONICA BRASIL SA,29,APOSENTADORIANORMAL,4903-APOSENTADORIA,731-IMPOSTODERENDAREGRESSIVA5565,-294800.24
FOLHADEBENEFICIOAVULSA,2024-09-30,49,TELEFONICA BRASIL SA,29,PENSAOPORMORTE,4916-PENSAOPORMORTEDEINATIVO,132-PAGAMENTOUNICO-PENSAOPORMORTE,26045.19
FOLHADEBENEFICIOAVULSA,2024-09-30,49,TELEFONICA BRASIL SA,29,PENSAOPORMORTE,4916-PENSAOPORMORTEDEINATIVO,3-BENEFICIODEPENSAO,30083.44
FOLHADEBENEFICIOAVULSA,2024-09-30,49,TELEFONICA BRASIL SA,29,PENSAOPORMORTE,4916-PENSAOPORMORTEDEINATIVO,573-IMPOSTODERENDA(3540),-8441.25
FOLHADEBENEFICIOAVULSA,2024-09-30,49,TELEFONICA BRASIL SA,29,PENSAOPORMORTE,4916-PENSAOPORMORTEDEINATIVO,731-IMPOSTODERENDAREGRESSIVA5565,-759.1
FOLHADEBENEFICIOAVULSA,2024-09-30,49,TELEFONICA BRASIL SA,31,APOSENTADORIANORMAL,4903-APOSENTADORIA,1-BENEFICIO,15903.91
FOLHADEBENEFICIOAVULSA,2024-09-30,49,TELEFONICA BRASIL SA,31,APOSENTADORIANORMAL,4903-APOSENTADORIA,731-IMPOSTODERENDAREGRESSIVA5565,-1590.39
FOLHADEBENEFICIOAVULSA,2024-10-02,8,TELEFONICA BRASIL SA,23,RESGATEDECONTRIBUICAO,78-DEVOLUCAODECONTRIBUICOES,100-RESGATEPAGTOUNICOTRIBUTAVEL,20295.18
FOLHADEBENEFICIOAVULSA,2024-10-02,8,TELEFONICA BRASIL SA,23,RESGATEDECONTRIBUICAO,78-DEVOLUCAODECONTRIBUICOES,1231-IMPOSTODERENDAREGRESSIVA(3579),-3934.88
FOLHADEBENEFICIOAVULSA,2024-10-02,8,TELEFONICA BRASIL SA,23,RESGATEDECONTRIBUICAO,78-DEVOLUCAODECONTRIBUICOES,60-DESCONTOADIANTAMENTORESGATES/LIQUIDO-INFORMADO,-16360.3
FOLHADERESGATE,2024-10-02,52,MAIS VISAO,33,RESGATEDECONTRIBUICAO,5207-RESGATE,100-RESGATEPAGTOUNICOTRIBUTAVEL,9490.8
FOLHADERESGATE,2024-10-02,52,MAIS VISAO,33,RESGATEDECONTRIBUICAO,5207-RESGATE,70-IMPOSTODERENDARESGATE3223,-1423.62
FOLHADERESGATE,2024-10-02,52,MAIS VISAO,34,RESGATEDECONTRIBUICAO,5207-RESGATE,100-RESGATEPAGTOUNICOTRIBUTAVEL,7185.3
FOLHADERESGATE,2024-10-02,52,MAIS VISAO,34,RESGATEDECONTRIBUICAO,5207-RESGATE,70-IMPOSTODERENDARESGATE3223,-1077.8
FOLHADERESGATE,2024-10-02,8,FIBRASIL INFRAESTRUTURA E FIBRA OTICA S.A,22,RESGATEDECONTRIBUICAO,78-DEVOLUCAODECONTRIBUICOES,100-RESGATEPAGTOUNICOTRIBUTAVEL,7391.25
FOLHADERESGATE,2024-10-02,8,FIBRASIL INFRAESTRUTURA E FIBRA OTICA S.A,22,RESGATEDECONTRIBUICAO,78-DEVOLUCAODECONTRIBUICOES,70-IMPOSTODERENDARESGATE3223,-1108.69
FOLHADERESGATE,2024-10-02,8,FIBRASIL INFRAESTRUTURA E FIBRA OTICA S.A,24,RESGATEDECONTRIBUICAO,78-DEVOLUCAODECONTRIBUICOES,100-RESGATEPAGTOUNICOTRIBUTAVEL,25490.29
FOLHADERESGATE,2024-10-02,8,FIBRASIL INFRAESTRUTURA E FIBRA OTICA S.A,24,RESGATEDECONTRIBUICAO,78-DEVOLUCAODECONTRIBUICOES,70-IMPOSTODERENDARESGATE3223,-3823.54
FOLHADERESGATE,2024-10-02,8,TELEFONICA BRASIL SA,22,RESGATEDECONTRIBUICAO,78-DEVOLUCAODECONTRIBUICOES,100-RESGATEPAGTOUNICOTRIBUTAVEL,100676.25
FOLHADERESGATE,2024-10-02,8,TELEFONICA BRASIL SA,22,RESGATEDECONTRIBUICAO,78-DEVOLUCAODECONTRIBUICOES,1231-IMPOSTODERENDAREGRESSIVA(3579),-19203.95
FOLHADERESGATE,2024-10-02,8,TELEFONICA BRASIL SA,22,RESGATEDECONTRIBUICAO,78-DEVOLUCAODECONTRIBUICOES,70-IMPOSTODERENDARESGATE3223,-4052.47
FOLHADERESGATE,2024-10-02,8,TELEFONICA BRASIL SA,22,RESGATEPARCIAL,16663-RESGATEDECONTRIBUICAOPARCIAL,100-RESGATEPAGTOUNICOTRIBUTAVEL,12339.62
FOLHADERESGATE,2024-10-02,8,TELEFONICA BRASIL SA,22,RESGATEPARCIAL,16663-RESGATEDECONTRIBUICAOPARCIAL,70-IMPOSTODERENDARESGATE3223,-1850.94
FOLHADERESGATE,2024-10-02,8,TELEFONICA BRASIL SA,23,RESGATEDECONTRIBUICAO,78-DEVOLUCAODECONTRIBUICOES,100-RESGATEPAGTOUNICOTRIBUTAVEL,81418.18
FOLHADERESGATE,2024-10-02,8,TELEFONICA BRASIL SA,23,RESGATEDECONTRIBUICAO,78-DEVOLUCAODECONTRIBUICOES,1231-IMPOSTODERENDAREGRESSIVA(3579),-1535.67
FOLHADERESGATE,2024-10-02,8,TELEFONICA BRASIL SA,23,RESGATEDECONTRIBUICAO,78-DEVOLUCAODECONTRIBUICOES,70-IMPOSTODERENDARESGATE3223,-11554.59
FOLHADERESGATE,2024-10-02,8,TELEFONICA BRASIL SA,24,RESGATEDECONTRIBUICAO,78-DEVOLUCAODECONTRIBUICOES,100-RESGATEPAGTOUNICOTRIBUTAVEL,508773.49
FOLHADERESGATE,2024-10-02,8,TELEFONICA BRASIL SA,24,RESGATEDECONTRIBUICAO,78-DEVOLUCAODECONTRIBUICOES,1231-IMPOSTODERENDAREGRESSIVA(3579),-52487.86
FOLHADERESGATE,2024-10-02,8,TELEFONICA BRASIL SA,24,RESGATEDECONTRIBUICAO,78-DEVOLUCAODECONTRIBUICOES,45-QUITACAODEEMPRESTIMO,-52415.89
FOLHADERESGATE,2024-10-02,8,TELEFONICA BRASIL SA,24,RESGATEDECONTRIBUICAO,78-DEVOLUCAODECONTRIBUICOES,70-IMPOSTODERENDARESGATE3223,-48942.39
FOLHADERESGATE,2024-10-02,8,TELEFONICA BRASIL SA,24,RESGATEPARCIAL,16663-RESGATEDECONTRIBUICAOPARCIAL,100-RESGATEPAGTOUNICOTRIBUTAVEL,6229.97
FOLHADERESGATE,2024-10-02,8,TELEFONICA BRASIL SA,24,RESGATEPARCIAL,16663-RESGATEDECONTRIBUICAOPARCIAL,1231-IMPOSTODERENDAREGRESSIVA(3579),-1732.49
FOLHADERESGATE,2024-10-02,8,TELEFONICA BRASIL SA,25,RESGATEDECONTRIBUICAO,78-DEVOLUCAODECONTRIBUICOES,100-RESGATEPAGTOUNICOTRIBUTAVEL,16144.63
FOLHADERESGATE,2024-10-02,8,TELEFONICA BRASIL SA,25,RESGATEDECONTRIBUICAO,78-DEVOLUCAODECONTRIBUICOES,1231-IMPOSTODERENDAREGRESSIVA(3579),-2528.46
FOLHADERESGATE,2024-10-02,8,TELEFONICA BRASIL SA,25,RESGATEDECONTRIBUICAO,78-DEVOLUCAODECONTRIBUICOES,70-IMPOSTODERENDARESGATE3223,-2421.7
FOLHADERESGATE,2024-10-02,8,TELEFONICA BRASIL SA,25,RESGATEDECONTRIBUICAO,78-DEVOLUCAODECONTRIBUICOES,9-RESGATEPARCELADOTRIBUTAVEL,7224.17
FOLHADERESGATE,2024-10-02,8,TELEFONICA BRASIL SA,25,RESGATEPARCIAL,16663-RESGATEDECONTRIBUICAOPARCIAL,100-RESGATEPAGTOUNICOTRIBUTAVEL,3922.29
FOLHADERESGATE,2024-10-02,8,TELEFONICA BRASIL SA,25,RESGATEPARCIAL,16663-RESGATEDECONTRIBUICAOPARCIAL,41-EMPRESTIMO,-1821.06
FOLHADERESGATE,2024-10-02,8,TELEFONICA BRASIL SA,25,RESGATEPARCIAL,16663-RESGATEDECONTRIBUICAOPARCIAL,70-IMPOSTODERENDARESGATE3223,-588.34
FOLHADERESGATE,2024-10-02,8,TELEFONICA BRASIL SA,26,RESGATEDECONTRIBUICAO,78-DEVOLUCAODECONTRIBUICOES,100-RESGATEPAGTOUNICOTRIBUTAVEL,380331.39
FOLHADERESGATE,2024-10-02,8,TELEFONICA BRASIL SA,26,RESGATEDECONTRIBUICAO,78-DEVOLUCAODECONTRIBUICOES,1231-IMPOSTODERENDAREGRESSIVA(3579),-5375.4
FOLHADERESGATE,2024-10-02,8,TELEFONICA BRASIL SA,26,RESGATEDECONTRIBUICAO,78-DEVOLUCAODECONTRIBUICOES,45-QUITACAODEEMPRESTIMO,-50397.12
FOLHADERESGATE,2024-10-02,8,TELEFONICA BRASIL SA,26,RESGATEDECONTRIBUICAO,78-DEVOLUCAODECONTRIBUICOES,70-IMPOSTODERENDARESGATE3223,-54136.44
FOLHADERESGATE,2024-10-02,8,TELEFONICA BRASIL SA,26,RESGATEPARCIAL,16663-RESGATEDECONTRIBUICAOPARCIAL,100-RESGATEPAGTOUNICOTRIBUTAVEL,3169.8
FOLHADERESGATE,2024-10-02,8,TELEFONICA BRASIL SA,26,RESGATEPARCIAL,16663-RESGATEDECONTRIBUICAOPARCIAL,70-IMPOSTODERENDARESGATE3223,-475.47
FOLHADERESGATE,2024-10-02,8,TELEFONICA CORRETORA DE SEGUROS LTDA,23,RESGATEDECONTRIBUICAO,78-DEVOLUCAODECONTRIBUICOES,100-RESGATEPAGTOUNICOTRIBUTAVEL,40096.52
FOLHADERESGATE,2024-10-02,8,TELEFONICA CORRETORA DE SEGUROS LTDA,23,RESGATEDECONTRIBUICAO,78-DEVOLUCAODECONTRIBUICOES,70-IMPOSTODERENDARESGATE3223,-6014.48
FOLHADERESGATE,2024-10-02,8,TELEFONICA INFRAESTRUTURA E SEGURANCA LTDA,22,RESGATEDECONTRIBUICAO,78-DEVOLUCAODECONTRIBUICOES,100-RESGATEPAGTOUNICOTRIBUTAVEL,1667.76
FOLHADERESGATE,2024-10-02,8,TELEFONICA INFRAESTRUTURA E SEGURANCA LTDA,22,RESGATEDECONTRIBUICAO,78-DEVOLUCAODECONTRIBUICOES,1231-IMPOSTODERENDAREGRESSIVA(3579),-448.04
FOLHADERESGATE,2024-10-02,8,TELEFONICA INFRAESTRUTURA E SEGURANCA LTDA,24,RESGATEDECONTRIBUICAO,78-DEVOLUCAODECONTRIBUICOES,100-RESGATEPAGTOUNICOTRIBUTAVEL,3911.56
FOLHADERESGATE,2024-10-02,8,TELEFONICA INFRAESTRUTURA E SEGURANCA LTDA,24,RESGATEDECONTRIBUICAO,78-DEVOLUCAODECONTRIBUICOES,70-IMPOSTODERENDARESGATE3223,-586.73
FOLHADERESGATE,2024-10-02,8,"TELEFONICA IOT, BIG DATA E TECNOLOGIA DO BRASIL S.A.",25,RESGATEDECONTRIBUICAO,78-DEVOLUCAODECONTRIBUICOES,100-RESGATEPAGTOUNICOTRIBUTAVEL,61042.06
FOLHADERESGATE,2024-10-02,8,"TELEFONICA IOT, BIG DATA E TECNOLOGIA DO BRASIL S.A.",25,RESGATEDECONTRIBUICAO,78-DEVOLUCAODECONTRIBUICOES,70-IMPOSTODERENDARESGATE3223,-9156.31
FOLHADERESGATE,2024-10-02,8,TELEFONICA TRANSPORTES E LOGISTICA LTDA,23,RESGATEDECONTRIBUICAO,78-DEVOLUCAODECONTRIBUICOES,100-RESGATEPAGTOUNICOTRIBUTAVEL,1249.95
FOLHADERESGATE,2024-10-02,8,TELEFONICA TRANSPORTES E LOGISTICA LTDA,23,RESGATEDECONTRIBUICAO,78-DEVOLUCAODECONTRIBUICOES,45-QUITACAODEEMPRESTIMO,-422.27
FOLHADERESGATE,2024-10-02,8,TELEFONICA TRANSPORTES E LOGISTICA LTDA,23,RESGATEDECONTRIBUICAO,78-DEVOLUCAODECONTRIBUICOES,70-IMPOSTODERENDARESGATE3223,-187.49
FOLHADERESGATE,2024-10-02,8,TELEFONICA TRANSPORTES E LOGISTICA LTDA,24,RESGATEDECONTRIBUICAO,78-DEVOLUCAODECONTRIBUICOES,100-RESGATEPAGTOUNICOTRIBUTAVEL,1631.82
FOLHADERESGATE,2024-10-02,8,TELEFONICA TRANSPORTES E LOGISTICA LTDA,24,RESGATEDECONTRIBUICAO,78-DEVOLUCAODECONTRIBUICOES,70-IMPOSTODERENDARESGATE3223,-244.77
FOLHADERESGATE,2024-10-02,8,TELEFONICA TRANSPORTES E LOGISTICA LTDA,26,RESGATEDECONTRIBUICAO,78-DEVOLUCAODECONTRIBUICOES,100-RESGATEPAGTOUNICOTRIBUTAVEL,6097.72
FOLHADERESGATE,2024-10-02,8,TELEFONICA TRANSPORTES E LOGISTICA LTDA,26,RESGATEDECONTRIBUICAO,78-DEVOLUCAODECONTRIBUICOES,70-IMPOSTODERENDARESGATE3223,-914.66
FOLHADERESGATE,2024-10-02,8,TERRA NETWORKS BRASIL S/A,23,RESGATEDECONTRIBUICAO,78-DEVOLUCAODECONTRIBUICOES,100-RESGATEPAGTOUNICOTRIBUTAVEL,4357.13
FOLHADERESGATE,2024-10-02,8,TERRA NETWORKS BRASIL S/A,23,RESGATEDECONTRIBUICAO,78-DEVOLUCAODECONTRIBUICOES,1231-IMPOSTODERENDAREGRESSIVA(3579),-1525.0
FOLHADERESGATE,2024-10-02,8,TERRA NETWORKS BRASIL S/A,24,RESGATEDECONTRIBUICAO,78-DEVOLUCAODECONTRIBUICOES,100-RESGATEPAGTOUNICOTRIBUTAVEL,2167.86
FOLHADERESGATE,2024-10-02,8,TERRA NETWORKS BRASIL S/A,24,RESGATEDECONTRIBUICAO,78-DEVOLUCAODECONTRIBUICOES,70-IMPOSTODERENDARESGATE3223,-325.18
FOLHADERESGATE,2024-10-02,49,TELEFONICA BRASIL SA,,RESGATEDECONTRIBUICAO,4907-DEVOLUCAODECONTRIBUICOES,14132-IN1343-DEDUCAOBASETRIBUTAVELREGR.(INFORMATIVO),-5127.82
FOLHADERESGATE,2024-10-02,49,TELEFONICA BRASIL SA,,RESGATEDECONTRIBUICAO,4907-DEVOLUCAODECONTRIBUICOES,14172-IN1343-BAIXAESTOQUEISENTORESG.REGR.(INFORMATIVO),5127.82
FOLHADERESGATE,2024-10-02,49,TELEFONICA BRASIL SA,,RESGATEPARCIAL,16671-RESGATEDECONTRIBUICAOPARCIAL,14131-IN1343-DEDUCAOBASETRIBUTAVEL(INFORMATIVO),-5212.43
FOLHADERESGATE,2024-10-02,49,TELEFONICA BRASIL SA,,RESGATEPARCIAL,16671-RESGATEDECONTRIBUICAOPARCIAL,14171-IN1343-BAIXAESTOQUEISENTORESG.(INFORMATIVO),5212.43
FOLHADERESGATE,2024-10-02,49,TELEFONICA BRASIL SA,27,RESGATEDECONTRIBUICAO,4907-DEVOLUCAODECONTRIBUICOES,100-RESGATEPAGTOUNICOTRIBUTAVEL,248426.24
FOLHADERESGATE,2024-10-02,49,TELEFONICA BRASIL SA,27,RESGATEDECONTRIBUICAO,4907-DEVOLUCAODECONTRIBUICOES,70-IMPOSTODERENDARESGATE3223,-37263.94
FOLHADERESGATE,2024-10-02,49,TELEFONICA BRASIL SA,27,RESGATEPARCIAL,16671-RESGATEDECONTRIBUICAOPARCIAL,100-RESGATEPAGTOUNICOTRIBUTAVEL,76153.0
FOLHADERESGATE,2024-10-02,49,TELEFONICA BRASIL SA,27,RESGATEPARCIAL,16671-RESGATEDECONTRIBUICAOPARCIAL,1231-IMPOSTODERENDAREGRESSIVA(3579),-13309.53
FOLHADERESGATE,2024-10-02,49,TELEFONICA BRASIL SA,28,RESGATEDECONTRIBUICAO,4907-DEVOLUCAODECONTRIBUICOES,100-RESGATEPAGTOUNICOTRIBUTAVEL,731703.9
FOLHADERESGATE,2024-10-02,49,TELEFONICA BRASIL SA,28,RESGATEDECONTRIBUICAO,4907-DEVOLUCAODECONTRIBUICOES,1231-IMPOSTODERENDAREGRESSIVA(3579),-18058.09
FOLHADERESGATE,2024-10-02,49,TELEFONICA BRASIL SA,28,RESGATEDECONTRIBUICAO,4907-DEVOLUCAODECONTRIBUICOES,2101-DESCONTOIMPOSTODERENDARESID.EXTERIOR9466,-53101.96
FOLHADERESGATE,2024-10-02,49,TELEFONICA BRASIL SA,28,RESGATEDECONTRIBUICAO,4907-DEVOLUCAODECONTRIBUICOES,45-QUITACAODEEMPRESTIMO,-42326.97
FOLHADERESGATE,2024-10-02,49,TELEFONICA BRASIL SA,28,RESGATEDECONTRIBUICAO,4907-DEVOLUCAODECONTRIBUICOES,70-IMPOSTODERENDARESGATE3223,-62245.27
FOLHADERESGATE,2024-10-02,49,TELEFONICA BRASIL SA,28,RESGATEPARCIAL,16671-RESGATEDECONTRIBUICAOPARCIAL,100-RESGATEPAGTOUNICOTRIBUTAVEL,53594.76
FOLHADERESGATE,2024-10-02,49,TELEFONICA BRASIL SA,28,RESGATEPARCIAL,16671-RESGATEDECONTRIBUICAOPARCIAL,41-EMPRESTIMO,-1738.81
FOLHADERESGATE,2024-10-02,49,TELEFONICA BRASIL SA,28,RESGATEPARCIAL,16671-RESGATEDECONTRIBUICAOPARCIAL,70-IMPOSTODERENDARESGATE3223,-7257.35
FOLHADERESGATE,2024-10-02,49,TELEFONICA BRASIL SA,29,RESGATEDECONTRIBUICAO,4907-DEVOLUCAODECONTRIBUICOES,100-RESGATEPAGTOUNICOTRIBUTAVEL,970822.43
FOLHADERESGATE,2024-10-02,49,TELEFONICA BRASIL SA,29,RESGATEDECONTRIBUICAO,4907-DEVOLUCAODECONTRIBUICOES,1231-IMPOSTODERENDAREGRESSIVA(3579),-169999.87
FOLHADERESGATE,2024-10-02,49,TELEFONICA BRASIL SA,29,RESGATEDECONTRIBUICAO,4907-DEVOLUCAODECONTRIBUICOES,45-QUITACAODEEMPRESTIMO,-15757.6
FOLHADERESGATE,2024-10-02,49,TELEFONICA BRASIL SA,29,RESGATEPARCIAL,16671-RESGATEDECONTRIBUICAOPARCIAL,100-RESGATEPAGTOUNICOTRIBUTAVEL,28134.32
FOLHADERESGATE,2024-10-02,49,TELEFONICA BRASIL SA,29,RESGATEPARCIAL,16671-RESGATEDECONTRIBUICAOPARCIAL,1231-IMPOSTODERENDAREGRESSIVA(3579),-9303.59
FOLHADERESGATE,2024-10-02,49,TELEFONICA BRASIL SA,29,RESGATEPARCIAL,16671-RESGATEDECONTRIBUICAOPARCIAL,41-EMPRESTIMO,-1116.19
FOLHADERESGATE,2024-10-02,49,TELEFONICA BRASIL SA,31,RESGATEDECONTRIBUICAO,4907-DEVOLUCAODECONTRIBUICOES,100-RESGATEPAGTOUNICOTRIBUTAVEL,2689972.96
FOLHADERESGATE,2024-10-02,49,TELEFONICA BRASIL SA,31,RESGATEDECONTRIBUICAO,4907-DEVOLUCAODECONTRIBUICOES,1231-IMPOSTODERENDAREGRESSIVA(3579),-372362.52
FOLHADERESGATE,2024-10-02,49,TELEFONICA BRASIL SA,31,RESGATEDECONTRIBUICAO,4907-DEVOLUCAODECONTRIBUICOES,45-QUITACAODEEMPRESTIMO,-68276.24
FOLHADERESGATE,2024-10-02,49,TELEFONICA BRASIL SA,31,RESGATEDECONTRIBUICAO,4907-DEVOLUCAODECONTRIBUICOES,60-DESCONTOADIANTAMENTORESGATES/LIQUIDO-INFORMADO,-331207.97
FOLHADERESGATE,2024-10-02,49,TELEFONICA BRASIL SA,31,RESGATEDECONTRIBUICAO,4907-DEVOLUCAODECONTRIBUICOES,70-IMPOSTODERENDARESGATE3223,-66258.71
FOLHADERESGATE,2024-10-02,49,TELEFONICA GLOBAL SOLUTIONS BRASIL LTDA,29,RESGATEDECONTRIBUICAO,4907-DEVOLUCAODECONTRIBUICOES,100-RESGATEPAGTOUNICOTRIBUTAVEL,311079.48
FOLHADERESGATE,2024-10-02,49,TELEFONICA GLOBAL SOLUTIONS BRASIL LTDA,29,RESGATEDECONTRIBUICAO,4907-DEVOLUCAODECONTRIBUICOES,70-IMPOSTODERENDARESGATE3223,-46661.92
